#
# A fatal error has been detected by the Java Runtime Environment:
#
#  SIGSEGV (0xb) at pc=0x0000798b2d9afecb, pid=36789, tid=36819
#
# JRE version: OpenJDK Runtime Environment Temurin-21.0.10+7 (21.0.10+7) (build 21.0.10+7-LTS)
# Java VM: OpenJDK 64-Bit Server VM Temurin-21.0.10+7 (21.0.10+7-LTS, mixed mode, sharing, tiered, compressed oops, compressed class ptrs, g1 gc, linux-amd64)
# Problematic frame:
# V  [libjvm.so+0x9afecb]  jni_GetArrayLength+0x8b
#
# Core dump will be written. Default location: Core dumps may be processed with "/usr/share/apport/apport -p%p -s%s -c%c -d%d -P%P -u%u -g%g -F%F -- %E" (or dumping to /home/adam/Desktop/HyOS-main/core.36789)
#
# If you would like to submit a bug report, please visit:
#   https://github.com/adoptium/adoptium-support/issues
#

---------------  S U M M A R Y ------------

Command Line: -XX:+ShowCodeDetailsInExceptionMessages --module-path=/home/adam/Desktop/HyOS-main/adam/target/classes:/home/adam/.m2/repository/org/openjfx/javafx-controls/13/javafx-controls-13-linux.jar:/home/adam/.m2/repository/org/openjfx/javafx-graphics/13/javafx-graphics-13-linux.jar:/home/adam/.m2/repository/org/openjfx/javafx-base/13/javafx-base-13-linux.jar:/home/adam/.m2/repository/org/openjfx/javafx-fxml/13/javafx-fxml-13-linux.jar:/home/adam/.m2/repository/org/openjfx/javafx-web/21/javafx-web-21-linux.jar:/home/adam/.m2/repository/org/openjfx/javafx-media/21/javafx-media-21-linux.jar -Djdk.module.main=com.adam com.adam/com.adam.HyOS

Host: Intel(R) Core(TM) i7-8665U CPU @ 1.90GHz, 8 cores, 30G, Ubuntu 26.04 LTS
Time: Fri May  8 20:11:37 2026 EDT elapsed time: 69.403323 seconds (0d 0h 1m 9s)

---------------  T H R E A D  ---------------

Current thread (0x0000798b28615c50):  JavaThread "JavaFX Application Thread"        [_thread_in_vm, id=36819, stack(0x0000798a59622000,0x0000798a59722000) (1024K)]

Stack: [0x0000798a59622000,0x0000798a59722000],  sp=0x0000798a5971f1e0,  free space=1012k
Native frames: (J=compiled Java code, j=interpreted, Vv=VM code, C=native code)
V  [libjvm.so+0x9afecb]  jni_GetArrayLength+0x8b
C  [libjfxwebkit.so+0x123a8b8]
C  [libjfxwebkit.so+0x123aae5]
C  [libjfxwebkit.so+0x11cb265]
C  [libjfxwebkit.so+0x11ce360]
C  [libjfxwebkit.so+0xcb85ec]
C  [libjfxwebkit.so+0x1b87188]
C  0x00007989b5fff178
C  [libjfxwebkit.so+0x30d2b96]
C  [libjfxwebkit.so+0x30d2b96]
C  [libjfxwebkit.so+0x30d2b96]
C  [libjfxwebkit.so+0x30d2b96]
C  [libjfxwebkit.so+0x30d2b96]
C  [libjfxwebkit.so+0x30d2b96]
C  [libjfxwebkit.so+0x30b583a]
C  [libjfxwebkit.so+0x29d9970]
C  [libjfxwebkit.so+0x2caf243]
C  [libjfxwebkit.so+0x7d8d84]
C  [libjfxwebkit.so+0x7d95ba]
C  [libjfxwebkit.so+0xab93b6]
C  [libjfxwebkit.so+0x7eb537]
C  [libjfxwebkit.so+0x806e94]
C  [libjfxwebkit.so+0x808d58]
C  [libjfxwebkit.so+0xfd9dc0]
C  [libjfxwebkit.so+0x113273e]
j  com.sun.webkit.Timer.twkFireTimerEvent()V+0 javafx.web@21
j  com.sun.webkit.Timer.fireTimerEvent(J)V+45 javafx.web@21
j  com.sun.webkit.Timer.notifyTick()V+25 javafx.web@21
j  javafx.scene.web.WebEngine$PulseTimer.lambda$static$0()V+3 javafx.web@21
j  javafx.scene.web.WebEngine$PulseTimer$$Lambda+0x0000798ab02bce38.run()V+0 javafx.web@21
J 4662 c1 com.sun.javafx.application.PlatformImpl$$Lambda+0x0000798ab0083ca0.run()Ljava/lang/Object; javafx.graphics (8 bytes) @ 0x0000798b166c130c [0x0000798b166c11c0+0x000000000000014c]
J 4660 c1 com.sun.javafx.application.PlatformImpl.lambda$runLater$11(Ljava/lang/Runnable;Ljava/security/AccessControlContext;)V javafx.graphics (38 bytes) @ 0x0000798b166c030c [0x0000798b166bfcc0+0x000000000000064c]
J 4659 c1 com.sun.javafx.application.PlatformImpl$$Lambda+0x0000798ab0083400.run()V javafx.graphics (12 bytes) @ 0x0000798b166bf8d4 [0x0000798b166bf840+0x0000000000000094]
J 5664 c2 com.sun.glass.ui.InvokeLaterDispatcher$Future.run()V javafx.graphics (91 bytes) @ 0x0000798b1d8d9ab8 [0x0000798b1d8d9a60+0x0000000000000058]
v  ~StubRoutines::call_stub 0x0000798b1d337cc6
V  [libjvm.so+0x918085]  JavaCalls::call_helper(JavaValue*, methodHandle const&, JavaCallArguments*, JavaThread*)+0x2e5
V  [libjvm.so+0x9bd1a2]  jni_invoke_nonstatic(JNIEnv_*, JavaValue*, _jobject*, JNICallType, _jmethodID*, JNI_ArgumentPusher*, JavaThread*) [clone .constprop.1]+0x1e2
V  [libjvm.so+0x9c0b9e]  jni_CallVoidMethodV+0xee
C  [libglassgtk3.so+0x19ca1]  JNIEnv_::CallVoidMethod(_jobject*, _jmethodID*, ...)+0x81
C  [libglassgtk3.so+0x24002]  call_runnable(void*)+0xb2
C  [libgdk-3.so.0+0x3969f]
C  [libglib-2.0.so.0+0x60b9b]
C  [libglib-2.0.so.0+0x621d7]
C  [libglib-2.0.so.0+0x62577]  g_main_loop_run+0x137
C  [libgtk-3.so.0+0x20fc05]  gtk_main+0x85
C  [libglassgtk3.so+0x24272]  Java_com_sun_glass_ui_gtk_GtkApplication__1runLoop+0x52
j  com.sun.glass.ui.gtk.GtkApplication._runLoop(Ljava/lang/Runnable;Z)V+0 javafx.graphics
j  com.sun.glass.ui.gtk.GtkApplication.lambda$runLoop$11(Ljava/lang/Runnable;Z)V+7 javafx.graphics
j  com.sun.glass.ui.gtk.GtkApplication$$Lambda+0x0000798ab0037a80.run()V+12 javafx.graphics
j  java.lang.Thread.runWith(Ljava/lang/Object;Ljava/lang/Runnable;)V+5 java.base@21.0.10
j  java.lang.Thread.run()V+19 java.base@21.0.10
v  ~StubRoutines::call_stub 0x0000798b1d337cc6
V  [libjvm.so+0x918085]  JavaCalls::call_helper(JavaValue*, methodHandle const&, JavaCallArguments*, JavaThread*)+0x2e5
V  [libjvm.so+0x919a02]  JavaCalls::call_virtual(JavaValue*, Handle, Klass*, Symbol*, Symbol*, JavaThread*)+0x1d2
V  [libjvm.so+0x9ef2de]  thread_entry(JavaThread*, JavaThread*)+0x8e
V  [libjvm.so+0x92f8a8]  JavaThread::thread_main_inner()+0x1d8
V  [libjvm.so+0xf84d48]  Thread::call_run()+0xa8
V  [libjvm.so+0xd0e2da]  thread_native_entry(Thread*)+0xda
C  [libc.so.6+0xa40da]
Java frames: (J=compiled Java code, j=interpreted, Vv=VM code)
j  com.sun.webkit.Timer.twkFireTimerEvent()V+0 javafx.web@21
j  com.sun.webkit.Timer.fireTimerEvent(J)V+45 javafx.web@21
j  com.sun.webkit.Timer.notifyTick()V+25 javafx.web@21
j  javafx.scene.web.WebEngine$PulseTimer.lambda$static$0()V+3 javafx.web@21
j  javafx.scene.web.WebEngine$PulseTimer$$Lambda+0x0000798ab02bce38.run()V+0 javafx.web@21
J 4662 c1 com.sun.javafx.application.PlatformImpl$$Lambda+0x0000798ab0083ca0.run()Ljava/lang/Object; javafx.graphics (8 bytes) @ 0x0000798b166c130c [0x0000798b166c11c0+0x000000000000014c]
J 4660 c1 com.sun.javafx.application.PlatformImpl.lambda$runLater$11(Ljava/lang/Runnable;Ljava/security/AccessControlContext;)V javafx.graphics (38 bytes) @ 0x0000798b166c030c [0x0000798b166bfcc0+0x000000000000064c]
J 4659 c1 com.sun.javafx.application.PlatformImpl$$Lambda+0x0000798ab0083400.run()V javafx.graphics (12 bytes) @ 0x0000798b166bf8d4 [0x0000798b166bf840+0x0000000000000094]
J 5664 c2 com.sun.glass.ui.InvokeLaterDispatcher$Future.run()V javafx.graphics (91 bytes) @ 0x0000798b1d8d9ab8 [0x0000798b1d8d9a60+0x0000000000000058]
v  ~StubRoutines::call_stub 0x0000798b1d337cc6
j  com.sun.glass.ui.gtk.GtkApplication._runLoop(Ljava/lang/Runnable;Z)V+0 javafx.graphics
j  com.sun.glass.ui.gtk.GtkApplication.lambda$runLoop$11(Ljava/lang/Runnable;Z)V+7 javafx.graphics
j  com.sun.glass.ui.gtk.GtkApplication$$Lambda+0x0000798ab0037a80.run()V+12 javafx.graphics
j  java.lang.Thread.runWith(Ljava/lang/Object;Ljava/lang/Runnable;)V+5 java.base@21.0.10
j  java.lang.Thread.run()V+19 java.base@21.0.10
v  ~StubRoutines::call_stub 0x0000798b1d337cc6

siginfo: si_signo: 11 (SIGSEGV), si_code: 1 (SEGV_MAPERR), si_addr: 0x0000000000000000

Registers:
RAX=0x0000000000000000, RBX=0x0000798b28615c50, RCX=0x0000000000000004, RDX=0x0000798b2843d2b8
RSP=0x0000798a5971f1e0, RBP=0x0000798a5971f200, RSI=0x0000000000000000, RDI=0x0000798b28616010
R8 =0x0000798aaf00c598, R9 =0x0000000000000005, R10=0x0000798b2e5754a0, R11=0x0000000622fdc8f0
R12=0x0000000000000000, R13=0x0000798b28616010, R14=0x0000000000000000, R15=0x00007989fbfda240
RIP=0x0000798b2d9afecb, EFLAGS=0x0000000000010293, CSGSFS=0x002b000000000033, ERR=0x0000000000000004
  TRAPNO=0x000000000000000e

XMM[0]=0x0000000000000000 0x0000000000000000
XMM[1]=0x286e75722e646165 0x7268542e676e616c
XMM[2]=0x0000000000000000 0x0000000000000065
XMM[3]=0x0000000000000000 0x0000000000000000
XMM[4]=0x0000000000000000 0x0000000000000000
XMM[5]=0x0000000000000000 0x0000000000000000
XMM[6]=0x65766974614e2e6c 0x706d69616964656d
XMM[7]=0x632f313240616964 0x656d2e7866617661
XMM[8]=0x6f6674616c502e78 0x666176616a2e6e75
XMM[9]=0x2c428c902c428c90 0x2c428c908f221208
XMM[10]=0x0000000000000000 0x0000000062df8578
XMM[11]=0x1851681b1851681b 0x1851681ba7737a23
XMM[12]=0x0000000000000000 0x000000008f221208
XMM[13]=0x0000000000000000 0x0000000000000000
XMM[14]=0x0000000000000000 0x0000000000000000
XMM[15]=0x0000000000000000 0x0000000000000000
  MXCSR=0x00001fa7


Register to memory mapping:

RAX=0x0 is null
RBX=0x0000798b28615c50 is a thread
RCX=0x0000000000000004 is an unknown value
RDX=0x0000798b2843d2b8 points into unknown readable memory: 0x0000000000000025 | 25 00 00 00 00 00 00 00
RSP=0x0000798a5971f1e0 is pointing into the stack for thread: 0x0000798b28615c50
RBP=0x0000798a5971f200 is pointing into the stack for thread: 0x0000798b28615c50
RSI=0x0 is null
RDI=0x0000798b28616010 points into unknown readable memory: 0x0000798b2e4f9060 | 60 90 4f 2e 8b 79 00 00
R8 ={method} {0x0000798aaf00c598} 'printStackTrace' '()V' in 'java/lang/Throwable'
R9 =0x0000000000000005 is an unknown value
R10=0x0000798b2e5754a0: <offset 0x00000000015754a0> in /home/adam/.vscode/extensions/redhat.java-1.54.0-linux-x64/jre/21.0.10-linux-x86_64/lib/server/libjvm.so at 0x0000798b2d000000
R11=0x0000000622fdc8f0 is an oop: java.lang.Thread 
{0x0000000622fdc8f0} - klass: 'java/lang/Thread'
 - ---- fields (total size 15 words):
 - 'threadLocalRandomProbe' 'I' @12  0 (0x00000000)
 - private volatile 'eetop' 'J' @16  133638584884304 (0x0000798b28615c50)
 - private final 'tid' 'J' @24  23 (0x0000000000000017)
 - 'threadLocalRandomSeed' 'J' @32  0 (0x0000000000000000)
 - injected 'jvmti_thread_state' 'J' @40  0 (0x0000000000000000)
 - 'threadLocalRandomSecondarySeed' 'I' @48  480193261 (0x1c9f2aed)
 - injected 'jvmti_VTMS_transition_disable_count' 'I' @52  0 (0x00000000)
 - injected 'jfr_epoch' 'S' @56  0 (0x0000)
 - volatile 'interrupted' 'Z' @58  false (0x00)
 - injected 'jvmti_is_in_VTMS_transition' 'Z' @59  false (0x00)
 - private volatile 'name' 'Ljava/lang/String;' @60  "JavaFX Application Thread"{0x0000000628a63e60} (0xc514c7cc)
 - private volatile 'contextClassLoader' 'Ljava/lang/ClassLoader;' @64  a 'jdk/internal/loader/ClassLoaders$AppClassLoader'{0x0000000622fdc968} (0xc45fb92d)
 - private 'inheritedAccessControlContext' 'Ljava/security/AccessControlContext;' @68  a 'java/security/AccessControlContext'{0x0000000628a63e20} (0xc514c7c4)
 - private final 'holder' 'Ljava/lang/Thread$FieldHolder;' @72  a 'java/lang/Thread$FieldHolder'{0x0000000628a63df8} (0xc514c7bf)
 - 'threadLocals' 'Ljava/lang/ThreadLocal$ThreadLocalMap;' @76  a 'java/lang/ThreadLocal$ThreadLocalMap'{0x0000000628acca20} (0xc5159944)
 - 'inheritableThreadLocals' 'Ljava/lang/ThreadLocal$ThreadLocalMap;' @80  null (0x00000000)
 - private 'scopedValueBindings' 'Ljava/lang/Object;' @84  a 'java/lang/Class'{0x0000000628e57af0} = 'java/lang/Thread' (0xc51caf5e)
 - final 'interruptLock' 'Ljava/lang/Object;' @88  a 'java/lang/Object'{0x0000000628acca10} (0xc5159942)
 - private volatile 'parkBlocker' 'Ljava/lang/Object;' @92  null (0x00000000)
 - volatile 'nioBlocker' 'Lsun/nio/ch/Interruptible;' @96  null (0x00000000)
 - private 'cont' 'Ljdk/internal/vm/Continuation;' @100  null (0x00000000)
 - private volatile 'uncaughtExceptionHandler' 'Ljava/lang/Thread$UncaughtExceptionHandler;' @104  null (0x00000000)
 - private 'container' 'Ljdk/internal/vm/ThreadContainer;' @108  null (0x00000000)
 - private volatile 'headStackableScopes' 'Ljdk/internal/vm/StackableScope;' @112  null (0x00000000)
R12=0x0 is null
R13=0x0000798b28616010 points into unknown readable memory: 0x0000798b2e4f9060 | 60 90 4f 2e 8b 79 00 00
R14=0x0 is null
R15=0x00007989fbfda240: <offset 0x0000000005fda240> in /home/adam/.openjfx/cache/13/libjfxwebkit.so at 0x00007989f6000000

Top of Stack: (sp=0x0000798a5971f1e0)
0x0000798a5971f1e0:   0000798a5971f200 0000798a48875ff8
0x0000798a5971f1f0:   0000798b28616010 0000798a5971f238
0x0000798a5971f200:   0000798a5971f270 00007989f723a8b8
0x0000798a5971f210:   0000798a5971f230 0000798a5971f230
0x0000798a5971f220:   0000798a5971f301 00007989fbfc2ec8
0x0000798a5971f230:   0000798a48010200 0000798b28616010
0x0000798a5971f240:   0000798a5900002c 000079894c861f88
0x0000798a5971f250:   0000798a5971f3b0 0000798a5971f290
0x0000798a5971f260:   000079894c861f88 000079894c8bbc00
0x0000798a5971f270:   0000798a5971f2d0 00007989f723aae5
0x0000798a5971f280:   0000798a5971f310 0000798a10133320
0x0000798a5971f290:   0000000000000000 0000000100000000
0x0000798a5971f2a0:   0000798a5971f328 0000798a5971f3b0
0x0000798a5971f2b0:   0000000000000000 0000000000000000
0x0000798a5971f2c0:   000079894c8bbc08 000079894c8bbc00
0x0000798a5971f2d0:   0000798a5971f330 00007989f71cb265
0x0000798a5971f2e0:   0000000000000000 0000798a5971f368
0x0000798a5971f2f0:   0000000000000000 0000000000000001
0x0000798a5971f300:   0000798a12ba4620 0000798a10133300
0x0000798a5971f310:   0000798a5971f3b0 0000000000000001
0x0000798a5971f320:   0000798a12ba4620 0000798a13000000
0x0000798a5971f330:   0000798a5971f390 00007989f71ce360
0x0000798a5971f340:   0000000000000010 0000798a12ae6068
0x0000798a5971f350:   000079894cfb1500 0000000000000000
0x0000798a5971f360:   0000798a10133300 0000000000000000
0x0000798a5971f370:   0000798a5971f4b8 0000798a134a10b8
0x0000798a5971f380:   0000798a5971f4b8 0000798a134a10a0
0x0000798a5971f390:   0000798a5971f490 00007989f6cb85ec
0x0000798a5971f3a0:   0000798a1014bf00 0000798a13008898
0x0000798a5971f3b0:   0000798a1014bf00 0000000000000000
0x0000798a5971f3c0:   0000000000000000 0000000000000000
0x0000798a5971f3d0:   0000000000000000 0000000000000000 

Instructions: (pc=0x0000798b2d9afecb)
0x0000798b2d9afdcb:   18 48 89 50 18 49 8b 44 24 08 49 8b 54 24 20 48
0x0000798b2d9afddb:   89 50 20 e8 9d 9a df ff c7 83 4c 04 00 00 04 00
0x0000798b2d9afdeb:   00 00 48 83 c4 28 4c 89 e8 5b 41 5c 41 5d 5d c3
0x0000798b2d9afdfb:   0f 1f 44 00 00 31 d2 be 01 00 00 00 48 89 df e8
0x0000798b2d9afe0b:   f1 35 41 00 8b 83 48 04 00 00 a8 0c 0f 84 19 ff
0x0000798b2d9afe1b:   ff ff 48 89 df e8 db 04 f8 ff e9 0c ff ff ff 66
0x0000798b2d9afe2b:   0f 1f 44 00 00 48 89 df e8 38 f4 f7 ff e9 c1 fe
0x0000798b2d9afe3b:   ff ff 0f 1f 00 55 48 89 e5 41 55 49 89 fd 41 54
0x0000798b2d9afe4b:   49 89 f4 53 48 8d 9f 40 fc ff ff 48 83 ec 08 8b
0x0000798b2d9afe5b:   83 70 04 00 00 2d ad de 00 00 83 f8 01 0f 86 2a
0x0000798b2d9afe6b:   01 00 00 48 8d 05 d3 82 b8 00 80 38 00 c7 83 4c
0x0000798b2d9afe7b:   04 00 00 06 00 00 00 75 05 f0 83 04 24 00 48 8b
0x0000798b2d9afe8b:   83 50 04 00 00 a8 01 0f 85 e8 00 00 00 8b 83 48
0x0000798b2d9afe9b:   04 00 00 a8 0c 0f 85 ca 00 00 00 c7 83 4c 04 00
0x0000798b2d9afeab:   00 06 00 00 00 90 4c 89 e0 83 e0 03 48 83 f8 01
0x0000798b2d9afebb:   0f 84 9f 00 00 00 48 83 f8 02 0f 84 85 00 00 00
0x0000798b2d9afecb:   49 8b 04 24 48 8d 15 32 88 b4 00 80 3a 01 48 19
0x0000798b2d9afedb:   d2 83 e2 04 44 8b 6c 10 0c 90 4c 8b a3 98 01 00
0x0000798b2d9afeeb:   00 49 8b 44 24 10 48 83 38 00 74 0d 4c 89 e7 e8
0x0000798b2d9afefb:   01 49 ef ff 49 8b 44 24 10 49 8b 54 24 08 48 8d
0x0000798b2d9aff0b:   bb a0 03 00 00 48 89 42 10 49 8b 44 24 08 49 8b
0x0000798b2d9aff1b:   54 24 18 48 89 50 18 49 8b 44 24 08 49 8b 54 24
0x0000798b2d9aff2b:   20 48 89 50 20 e8 4b 99 df ff c7 83 4c 04 00 00
0x0000798b2d9aff3b:   04 00 00 00 48 83 c4 08 44 89 e8 5b 41 5c 41 5d
0x0000798b2d9aff4b:   5d c3 0f 1f 00 49 8d 7c 24 fe ff 15 b5 20 b4 00
0x0000798b2d9aff5b:   e9 6f ff ff ff 49 8d 7c 24 ff ff 15 c5 6d b4 00
0x0000798b2d9aff6b:   e9 5f ff ff ff 48 89 df e8 88 03 f8 ff e9 29 ff
0x0000798b2d9aff7b:   ff ff 0f 1f 00 31 d2 be 01 00 00 00 48 89 df e8
0x0000798b2d9aff8b:   71 34 41 00 e9 04 ff ff ff 0f 1f 40 00 48 89 df
0x0000798b2d9aff9b:   e8 d0 f2 f7 ff e9 c9 fe ff ff 66 66 2e 0f 1f 84
0x0000798b2d9affab:   00 00 00 00 00 55 48 89 e5 41 56 49 89 fe 41 55
0x0000798b2d9affbb:   41 89 d5 41 54 49 89 f4 53 48 8d 9f 40 fc ff ff 


Stack slot to memory mapping:

stack at sp + 0 slots: 0x0000798a5971f200 is pointing into the stack for thread: 0x0000798b28615c50
stack at sp + 1 slots: 0x0000798a48875ff8 points into unknown readable memory: 0x0000798aabdd30d0 | d0 30 dd ab 8a 79 00 00
stack at sp + 2 slots: 0x0000798b28616010 points into unknown readable memory: 0x0000798b2e4f9060 | 60 90 4f 2e 8b 79 00 00
stack at sp + 3 slots: 0x0000798a5971f238 is pointing into the stack for thread: 0x0000798b28615c50
stack at sp + 4 slots: 0x0000798a5971f270 is pointing into the stack for thread: 0x0000798b28615c50
stack at sp + 5 slots: 0x00007989f723a8b8: <offset 0x000000000123a8b8> in /home/adam/.openjfx/cache/13/libjfxwebkit.so at 0x00007989f6000000
stack at sp + 6 slots: 0x0000798a5971f230 is pointing into the stack for thread: 0x0000798b28615c50
stack at sp + 7 slots: 0x0000798a5971f230 is pointing into the stack for thread: 0x0000798b28615c50


Compiled method (c1) 69424 4662       3       com.sun.javafx.application.PlatformImpl$$Lambda/0x0000798ab0083ca0::run (8 bytes)
 total in heap  [0x0000798b166c1010,0x0000798b166c14a8] = 1176
 relocation     [0x0000798b166c1168,0x0000798b166c11b8] = 80
 main code      [0x0000798b166c11c0,0x0000798b166c13b8] = 504
 stub code      [0x0000798b166c13b8,0x0000798b166c13f8] = 64
 oops           [0x0000798b166c13f8,0x0000798b166c1400] = 8
 metadata       [0x0000798b166c1400,0x0000798b166c1410] = 16
 scopes data    [0x0000798b166c1410,0x0000798b166c1430] = 32
 scopes pcs     [0x0000798b166c1430,0x0000798b166c1490] = 96
 dependencies   [0x0000798b166c1490,0x0000798b166c1498] = 8
 nul chk table  [0x0000798b166c1498,0x0000798b166c14a8] = 16

[Constant Pool (empty)]

[MachCode]
[Entry Point]
  # {method} {0x0000798aab56b6b8} 'run' '()Ljava/lang/Object;' in 'com/sun/javafx/application/PlatformImpl$$Lambda+0x0000798ab0083ca0'
  #           [sp+0x40]  (sp of caller)
  0x0000798b166c11c0: 448b 5608 | 49bb 0000 | 00af 8a79 | 0000 4d03 | d34c 3bd0 

  0x0000798b166c11d4: ;   {runtime_call ic_miss_stub}
  0x0000798b166c11d4: 0f85 a63e | cc06 660f | 1f44 0000 
[Verified Entry Point]
  0x0000798b166c11e0: 8984 2400 | c0fe ff55 | 4883 ec30 | 4181 7f20 | 0500 0000 

  0x0000798b166c11f4: ;   {runtime_call StubRoutines (final stubs)}
  0x0000798b166c11f4: 7405 e8a5 

  0x0000798b166c11f8: ;   {metadata(method data for {method} {0x0000798aab56b6b8} 'run' '()Ljava/lang/Object;' in 'com/sun/javafx/application/PlatformImpl$$Lambda+0x0000798ab0083ca0')}
  0x0000798b166c11f8: a2ca 0648 | bfb8 7824 | ac8a 7900 | 008b 9ff4 | 0000 0083 | c302 899f | f400 0000 | 81e3 fe07 
  0x0000798b166c1218: 0000 85db | 0f84 0f01 | 0000 8b76 | 0c48 c1e6 

  0x0000798b166c1228: ;   {metadata(method data for {method} {0x0000798aab56b6b8} 'run' '()Ljava/lang/Object;' in 'com/sun/javafx/application/PlatformImpl$$Lambda+0x0000798ab0083ca0')}
  0x0000798b166c1228: 0348 bfb8 | 7824 ac8a | 7900 0048 | 8387 3801 

  0x0000798b166c1238: ;   {metadata(method data for {method} {0x0000798aab424ad0} 'lambda$runLater$10' '(Ljava/lang/Runnable;)Ljava/lang/Void;' in 'com/sun/javafx/application/PlatformImpl')}
  0x0000798b166c1238: 0000 0148 | bf40 7a24 | ac8a 7900 | 008b 9ff4 | 0000 0083 | c302 899f | f400 0000 | 81e3 feff 
  0x0000798b166c1258: 1f00 85db | 0f84 f000 | 0000 483b | 0648 8bfe 

  0x0000798b166c1268: ;   {metadata(method data for {method} {0x0000798aab424ad0} 'lambda$runLater$10' '(Ljava/lang/Runnable;)Ljava/lang/Void;' in 'com/sun/javafx/application/PlatformImpl')}
  0x0000798b166c1268: 48bb 407a | 24ac 8a79 | 0000 8b7f | 0849 ba00 | 0000 af8a | 7900 0049 | 03fa 483b | bb48 0100 
  0x0000798b166c1288: 0075 0d48 | 8383 5001 | 0000 01e9 | 6000 0000 | 483b bb58 | 0100 0075 | 0d48 8383 | 6001 0000 
  0x0000798b166c12a8: 01e9 4a00 | 0000 4883 | bb48 0100 | 0000 7517 | 4889 bb48 | 0100 0048 | c783 5001 | 0000 0100 
  0x0000798b166c12c8: 0000 e929 | 0000 0048 | 83bb 5801 | 0000 0075 | 1748 89bb | 5801 0000 | 48c7 8360 | 0100 0001 
  0x0000798b166c12e8: 0000 00e9 | 0800 0000 | 4883 8338 | 0100 0001 | 0f1f 4400 | 0048 b870 | 3702 808a 

  0x0000798b166c1304: ;   {virtual_call}
  0x0000798b166c1304: 7900 00e8 

  0x0000798b166c1308: ; ImmutableOopMap {}
                      ;*invokeinterface run {reexecute=0 rethrow=0 return_oop=0}
                      ; - com.sun.javafx.application.PlatformImpl::lambda$runLater$10@1 (line 428)
                      ; - com.sun.javafx.application.PlatformImpl$$Lambda/0x0000798ab0083ca0::run@4
  0x0000798b166c1308: 046c d906 

  0x0000798b166c130c: ;   {other}
  0x0000798b166c130c: 0f1f 8400 | fc02 0000 

  0x0000798b166c1314: ;   {oop(nullptr)}
  0x0000798b166c1314: 48b8 0000 | 0000 0000 | 0000 4883 

  0x0000798b166c1320: ;   {poll_return}
  0x0000798b166c1320: c430 5d49 | 3ba7 5004 | 0000 0f87 | 4800 0000 

  0x0000798b166c1330: ;   {metadata({method} {0x0000798aab56b6b8} 'run' '()Ljava/lang/Object;' in 'com/sun/javafx/application/PlatformImpl$$Lambda+0x0000798ab0083ca0')}
  0x0000798b166c1330: c349 bab8 | b656 ab8a | 7900 004c | 8954 2408 | 48c7 0424 | ffff ffff 

  0x0000798b166c1348: ;   {runtime_call counter_overflow Runtime1 stub}
  0x0000798b166c1348: e833 aad8 

  0x0000798b166c134c: ; ImmutableOopMap {rsi=Oop }
                      ;*synchronization entry
                      ; - com.sun.javafx.application.PlatformImpl$$Lambda/0x0000798ab0083ca0::run@-1
  0x0000798b166c134c: 06e9 d0fe 

  0x0000798b166c1350: ;   {metadata({method} {0x0000798aab424ad0} 'lambda$runLater$10' '(Ljava/lang/Runnable;)Ljava/lang/Void;' in 'com/sun/javafx/application/PlatformImpl')}
  0x0000798b166c1350: ffff 49ba | d04a 42ab | 8a79 0000 | 4c89 5424 | 0848 c704 | 24ff ffff 

  0x0000798b166c1368: ;   {runtime_call counter_overflow Runtime1 stub}
  0x0000798b166c1368: ffe8 12aa 

  0x0000798b166c136c: ; ImmutableOopMap {rsi=Oop }
                      ;*synchronization entry
                      ; - com.sun.javafx.application.PlatformImpl::lambda$runLater$10@-1 (line 428)
                      ; - com.sun.javafx.application.PlatformImpl$$Lambda/0x0000798ab0083ca0::run@4
  0x0000798b166c136c: d806 e9ef 

  0x0000798b166c1370: ;   {runtime_call throw_null_pointer_exception Runtime1 stub}
  0x0000798b166c1370: feff ffe8 

  0x0000798b166c1374: ; ImmutableOopMap {rsi=Oop }
                      ;*invokeinterface run {reexecute=0 rethrow=0 return_oop=0}
                      ; - com.sun.javafx.application.PlatformImpl::lambda$runLater$10@1 (line 428)
                      ; - com.sun.javafx.application.PlatformImpl$$Lambda/0x0000798ab0083ca0::run@4
  0x0000798b166c1374: 8832 d806 

  0x0000798b166c1378: ;   {internal_word}
  0x0000798b166c1378: 49ba 2313 | 6c16 8b79 | 0000 4d89 | 9768 0400 

  0x0000798b166c1388: ;   {runtime_call SafepointBlob}
  0x0000798b166c1388: 00e9 72ac | cc06 498b | 8700 0500 | 0049 c787 | 0005 0000 | 0000 0000 | 49c7 8708 | 0500 0000 
  0x0000798b166c13a8: 0000 0048 | 83c4 305d 

  0x0000798b166c13b0: ;   {runtime_call unwind_exception Runtime1 stub}
  0x0000798b166c13b0: e94b 23d8 | 06f4 f4f4 
[Stub Code]
  0x0000798b166c13b8: ;   {no_reloc}
  0x0000798b166c13b8: 0f1f 4400 

  0x0000798b166c13bc: ;   {static_stub}
  0x0000798b166c13bc: 0048 bb00 | 0000 0000 

  0x0000798b166c13c4: ;   {runtime_call nmethod}
  0x0000798b166c13c4: 0000 00e9 | fbff ffff 
[Exception Handler]
  0x0000798b166c13cc: ;   {runtime_call handle_exception_from_callee Runtime1 stub}
  0x0000798b166c13cc: e8af 5dd8 

  0x0000798b166c13d0: ;   {external_word}
  0x0000798b166c13d0: 0648 bf04 | 2a12 2e8b | 7900 0048 

  0x0000798b166c13dc: ;   {runtime_call MacroAssembler::debug64(char*, long, long*)}
  0x0000798b166c13dc: 83e4 f0e8 | 3cfe 5317 

  0x0000798b166c13e4: ;   {section_word}
  0x0000798b166c13e4: f449 bae5 | 136c 168b | 7900 0041 

  0x0000798b166c13f0: ;   {runtime_call DeoptimizationBlob}
  0x0000798b166c13f0: 52e9 aa9e | cc06 f4f4 
[/MachCode]


Compiled method (c1) 69433 4660   !   3       com.sun.javafx.application.PlatformImpl::lambda$runLater$11 (38 bytes)
 total in heap  [0x0000798b166bfa10,0x0000798b166c0bc0] = 4528
 relocation     [0x0000798b166bfb68,0x0000798b166bfca8] = 320
 main code      [0x0000798b166bfcc0,0x0000798b166c06a8] = 2536
 stub code      [0x0000798b166c06a8,0x0000798b166c0740] = 152
 oops           [0x0000798b166c0740,0x0000798b166c0750] = 16
 metadata       [0x0000798b166c0750,0x0000798b166c07a8] = 88
 scopes data    [0x0000798b166c07a8,0x0000798b166c0948] = 416
 scopes pcs     [0x0000798b166c0948,0x0000798b166c0ae8] = 416
 dependencies   [0x0000798b166c0ae8,0x0000798b166c0af0] = 8
 handler table  [0x0000798b166c0af0,0x0000798b166c0b98] = 168
 nul chk table  [0x0000798b166c0b98,0x0000798b166c0bc0] = 40

[Constant Pool (empty)]

[MachCode]
[Verified Entry Point]
  # {method} {0x0000798aab424a20} 'lambda$runLater$11' '(Ljava/lang/Runnable;Ljava/security/AccessControlContext;)V' in 'com/sun/javafx/application/PlatformImpl'
  # parm0:    rsi:rsi   = 'java/lang/Runnable'
  # parm1:    rdx:rdx   = 'java/security/AccessControlContext'
  #           [sp+0xc0]  (sp of caller)
  0x0000798b166bfcc0: 8984 2400 | c0fe ff55 | 4881 ecb0 | 0000 0090 | 4181 7f20 | 0500 0000 

  0x0000798b166bfcd8: ;   {runtime_call StubRoutines (final stubs)}
  0x0000798b166bfcd8: 7405 e8c1 

  0x0000798b166bfcdc: ;   {metadata(method data for {method} {0x0000798aab424a20} 'lambda$runLater$11' '(Ljava/lang/Runnable;Ljava/security/AccessControlContext;)V' in 'com/sun/javafx/application/PlatformImpl')}
  0x0000798b166bfcdc: b7ca 0648 | bfd0 7424 | ac8a 7900 | 008b 9ff4 | 0000 0083 | c302 899f | f400 0000 | 81e3 fe07 
  0x0000798b166bfcfc: 0000 85db | 0f84 ab07 | 0000 4889 | 9424 8000 

  0x0000798b166bfd0c: ;   {metadata(method data for {method} {0x0000798aab424a20} 'lambda$runLater$11' '(Ljava/lang/Runnable;Ljava/security/AccessControlContext;)V' in 'com/sun/javafx/application/PlatformImpl')}
  0x0000798b166bfd0c: 0000 48bf | d074 24ac | 8a79 0000 | 488d bf48 | 0100 0048 | 85f6 750e | f647 0801 | 7552 f048 
  0x0000798b166bfd2c: 834f 0801 | eb4a 8b5e | 0849 ba00 | 0000 af8a | 7900 0049 | 03da 4c8b | d348 335f | 0848 f7c3 
  0x0000798b166bfd4c: fcff ffff | 742a f6c3 | 0275 2548 | f747 08fe | ffff ff74 | 1749 8bda | 4833 5f08 | 48f7 c3fc 
  0x0000798b166bfd6c: ffff ff74 | 0b48 834f | 0802 eb04 | 4889 5f08 

  0x0000798b166bfd7c: ;   {metadata(method data for {method} {0x0000798aaf0ae8b8} 'linkToTargetMethod' '(Ljava/lang/Object;Ljava/lang/Object;)Ljava/lang/Object;' in 'java/lang/invoke/Invokers$Holder')}
  0x0000798b166bfd7c: 48bf d0a6 | 24ab 8a79 | 0000 488d | bf28 0200 | 0048 85f6 | 750a f607 | 0175 05f0 | 4883 0f01 
  0x0000798b166bfd9c: ;   {oop(a 'java/lang/invoke/DirectMethodHandle$Constructor'{0x0000000622fdcac0})}
  0x0000798b166bfd9c: 48bb c0ca | fd22 0600 | 0000 4885 | db75 0cf6 | 4710 0175 | 06f0 4883 

  0x0000798b166bfdb4: ;   {metadata(method data for {method} {0x0000798aab424a20} 'lambda$runLater$11' '(Ljava/lang/Runnable;Ljava/security/AccessControlContext;)V' in 'com/sun/javafx/application/PlatformImpl')}
  0x0000798b166bfdb4: 4f10 0148 | bfd0 7424 | ac8a 7900 | 0048 8387 | 3801 0000 

  0x0000798b166bfdc8: ;   {metadata(method data for {method} {0x0000798aaf0ae8b8} 'linkToTargetMethod' '(Ljava/lang/Object;Ljava/lang/Object;)Ljava/lang/Object;' in 'java/lang/invoke/Invokers$Holder')}
  0x0000798b166bfdc8: 0148 bfd0 | a624 ab8a | 7900 008b | 87f4 0000 | 0083 c002 | 8987 f400 | 0000 25fe | ff1f 0085 
  0x0000798b166bfde8: c00f 84e3 

  0x0000798b166bfdec: ;   {metadata(method data for {method} {0x0000798aaf0ae8b8} 'linkToTargetMethod' '(Ljava/lang/Object;Ljava/lang/Object;)Ljava/lang/Object;' in 'java/lang/invoke/Invokers$Holder')}
  0x0000798b166bfdec: 0600 0048 | bfd0 a624 | ab8a 7900 | 0048 8dbf | a801 0000 | 4885 f675 | 0cf6 4708 | 0175 06f0 
  0x0000798b166bfe0c: 4883 4f08 

  0x0000798b166bfe10: ;   {metadata(method data for {method} {0x0000798aaf0b4ad8} 'newInvokeSpecial' '(Ljava/lang/Object;Ljava/lang/Object;)Ljava/lang/Object;' in 'java/lang/invoke/DirectMethodHandle$Holder')}
  0x0000798b166bfe10: 0148 bf10 | a924 ab8a | 7900 0048 | 8dbf 6802 | 0000 4885 | db75 0af6 | 0701 7505 | f048 830f 
  0x0000798b166bfe30: 0148 85f6 | 750c f647 | 1001 7506 | f048 834f 

  0x0000798b166bfe40: ;   {metadata(method data for {method} {0x0000798aaf0ae8b8} 'linkToTargetMethod' '(Ljava/lang/Object;Ljava/lang/Object;)Ljava/lang/Object;' in 'java/lang/invoke/Invokers$Holder')}
  0x0000798b166bfe40: 1001 48bf | d0a6 24ab | 8a79 0000 | 4883 8770 | 0100 0001 

  0x0000798b166bfe54: ;   {metadata(method data for {method} {0x0000798aaf0b4ad8} 'newInvokeSpecial' '(Ljava/lang/Object;Ljava/lang/Object;)Ljava/lang/Object;' in 'java/lang/invoke/DirectMethodHandle$Holder')}
  0x0000798b166bfe54: 48bf 10a9 | 24ab 8a79 | 0000 8b87 | f400 0000 | 83c0 0289 | 87f4 0000 | 0025 feff | 1f00 85c0 
  0x0000798b166bfe74: 0f84 7906 

  0x0000798b166bfe78: ;   {metadata(method data for {method} {0x0000798aaf0b4ad8} 'newInvokeSpecial' '(Ljava/lang/Object;Ljava/lang/Object;)Ljava/lang/Object;' in 'java/lang/invoke/DirectMethodHandle$Holder')}
  0x0000798b166bfe78: 0000 48bf | 10a9 24ab | 8a79 0000 | 488d bf48 | 0100 0048 | 85db 750c | f647 0801 | 7506 f048 
  0x0000798b166bfe98: 834f 0801 

  0x0000798b166bfe9c: ;   {metadata(method data for {method} {0x0000798aaf0b4ad8} 'newInvokeSpecial' '(Ljava/lang/Object;Ljava/lang/Object;)Ljava/lang/Object;' in 'java/lang/invoke/DirectMethodHandle$Holder')}
  0x0000798b166bfe9c: 48bf 10a9 | 24ab 8a79 | 0000 4883 | 8738 0100 

  0x0000798b166bfeac: ;   {metadata(method data for {method} {0x0000798aaf0a1638} 'allocateInstance' '(Ljava/lang/Object;)Ljava/lang/Object;' in 'java/lang/invoke/DirectMethodHandle')}
  0x0000798b166bfeac: 0001 48bf | a88b 21ab | 8a79 0000 | 8b87 f400 | 0000 83c0 | 0289 87f4 | 0000 0025 | feff 1f00 
  0x0000798b166bfecc: 85c0 0f84 | 4006 0000 

  0x0000798b166bfed4: ;   {oop(a 'jdk/internal/misc/Unsafe'{0x0000000622fdc178})}
  0x0000798b166bfed4: 48bf 78c1 | fd22 0600 | 0000 488b 

  0x0000798b166bfee0: ;   {metadata(method data for {method} {0x0000798aaf0a1638} 'allocateInstance' '(Ljava/lang/Object;)Ljava/lang/Object;' in 'java/lang/invoke/DirectMethodHandle')}
  0x0000798b166bfee0: c748 b9a8 | 8b21 ab8a | 7900 0048 | 8381 7001 

  0x0000798b166bfef0: ;   {oop(a 'java/lang/Class'{0x0000000622fdcaf0} = 'com/sun/javafx/application/PlatformImpl$$Lambda+0x0000798ab0083ca0')}
  0x0000798b166bfef0: 0000 0148 | baf0 cafd | 2206 0000 | 0048 8974 | 2478 488b | f748 895c | 2470 0f1f 

  0x0000798b166bff0c: ;   {optimized virtual_call}
  0x0000798b166bff0c: 4400 00e8 

  0x0000798b166bff10: ; ImmutableOopMap {[112]=Oop [120]=Oop [128]=Oop }
                      ;*invokevirtual allocateInstance {reexecute=0 rethrow=0 return_oop=0}
                      ; - java.lang.invoke.DirectMethodHandle::allocateInstance@12
                      ; - java.lang.invoke.DirectMethodHandle$Holder::newInvokeSpecial@1
                      ; - java.lang.invoke.Invokers$Holder::linkToTargetMethod@5
                      ; - com.sun.javafx.application.PlatformImpl::lambda$runLater$11@1 (line 427)
  0x0000798b166bff10: ac99 2407 

  0x0000798b166bff14: ;   {other}
  0x0000798b166bff14: 0f1f 8400 | 0405 0000 

  0x0000798b166bff1c: ;   {metadata(method data for {method} {0x0000798aaf0b4ad8} 'newInvokeSpecial' '(Ljava/lang/Object;Ljava/lang/Object;)Ljava/lang/Object;' in 'java/lang/invoke/DirectMethodHandle$Holder')}
  0x0000798b166bff1c: 48be 10a9 | 24ab 8a79 | 0000 488d | b658 0100 | 0048 85c0 | 750a f606 | 0175 05f0 | 4883 0e01 
  0x0000798b166bff3c: ;   {metadata(method data for {method} {0x0000798aaf0b4ad8} 'newInvokeSpecial' '(Ljava/lang/Object;Ljava/lang/Object;)Ljava/lang/Object;' in 'java/lang/invoke/DirectMethodHandle$Holder')}
  0x0000798b166bff3c: 48be 10a9 | 24ab 8a79 | 0000 488d | b678 0100 | 0048 8b5c | 2470 4885 | db75 0cf6 | 4608 0175 
  0x0000798b166bff5c: 06f0 4883 

  0x0000798b166bff60: ;   {metadata(method data for {method} {0x0000798aaf0b4ad8} 'newInvokeSpecial' '(Ljava/lang/Object;Ljava/lang/Object;)Ljava/lang/Object;' in 'java/lang/invoke/DirectMethodHandle$Holder')}
  0x0000798b166bff60: 4e08 0148 | be10 a924 | ab8a 7900 | 0048 8386 | 6801 0000 

  0x0000798b166bff74: ;   {metadata(method data for {method} {0x0000798aaf0a20e0} 'constructorMethod' '(Ljava/lang/Object;)Ljava/lang/Object;' in 'java/lang/invoke/DirectMethodHandle')}
  0x0000798b166bff74: 0148 be90 | 8d21 ab8a | 7900 008b | bef4 0000 | 0083 c702 | 89be f400 | 0000 81e7 | feff 1f00 
  0x0000798b166bff94: 85ff 0f84 | 9905 0000 

  0x0000798b166bff9c: ;   {metadata(method data for {method} {0x0000798aaf0b4ad8} 'newInvokeSpecial' '(Ljava/lang/Object;Ljava/lang/Object;)Ljava/lang/Object;' in 'java/lang/invoke/DirectMethodHandle$Holder')}
  0x0000798b166bff9c: 48be 10a9 | 24ab 8a79 | 0000 488d | b688 0100 

  0x0000798b166bffac: ;   {oop(a 'java/lang/invoke/MemberName'{0x0000000622fdcb60} = {method} {0x0000798aab56b620} '<init>' '(Ljava/lang/Runnable;)V' in 'com/sun/javafx/application/PlatformImpl$$Lambda+0x0000798ab0083ca0')}
  0x0000798b166bffac: 0048 bf60 | cbfd 2206 | 0000 0048 | 85ff 750a | f606 0175 | 05f0 4883 | 0e01 483b 

  0x0000798b166bffc8: ;   {metadata(method data for {method} {0x0000798aaf0b4ad8} 'newInvokeSpecial' '(Ljava/lang/Object;Ljava/lang/Object;)Ljava/lang/Object;' in 'java/lang/invoke/DirectMethodHandle$Holder')}
  0x0000798b166bffc8: 0048 be10 | a924 ab8a | 7900 0048 | 8db6 e001 | 0000 488b | 7c24 7848 | 85ff 750c | f646 1801 
  0x0000798b166bffe8: 7506 f048 | 834e 1801 

  0x0000798b166bfff0: ;   {metadata(method data for {method} {0x0000798aaf0b4ad8} 'newInvokeSpecial' '(Ljava/lang/Object;Ljava/lang/Object;)Ljava/lang/Object;' in 'java/lang/invoke/DirectMethodHandle$Holder')}
  0x0000798b166bfff0: 488b f048 | bb10 a924 | ab8a 7900 | 0048 8383 | d001 0000 

  0x0000798b166c0004: ;   {metadata(method data for {method} {0x0000798aab56b620} '<init>' '(Ljava/lang/Runnable;)V' in 'com/sun/javafx/application/PlatformImpl$$Lambda+0x0000798ab0083ca0')}
  0x0000798b166c0004: 0148 be38 | 7724 ac8a | 7900 008b | 9ef4 0000 | 0083 c302 | 899e f400 | 0000 81e3 | feff 1f00 
  0x0000798b166c0024: 85db 0f84 | 2f05 0000 

  0x0000798b166c002c: ;   {metadata(method data for {method} {0x0000798aab56b620} '<init>' '(Ljava/lang/Runnable;)V' in 'com/sun/javafx/application/PlatformImpl$$Lambda+0x0000798ab0083ca0')}
  0x0000798b166c002c: 488b f048 | bb38 7724 | ac8a 7900 | 0048 8383 | 3801 0000 

  0x0000798b166c0040: ;   {metadata(method data for {method} {0x0000798aaf475450} '<init>' '()V' in 'java/lang/Object')}
  0x0000798b166c0040: 0148 bed8 | 8700 ab8a | 7900 008b | 9ef4 0000 | 0083 c302 | 899e f400 | 0000 81e3 | feff 1f00 
  0x0000798b166c0060: 85db 0f84 | 1405 0000 | 410f be77 | 4085 f60f | 8528 0500 | 004c 8bd7 | 49c1 ea03 | 4489 500c 
  0x0000798b166c0080: 488b f048 | 33f7 48c1 | ee16 4883 | fe00 0f85 | 2805 0000 

  0x0000798b166c0094: ;   {metadata(method data for {method} {0x0000798aaf0ae8b8} 'linkToTargetMethod' '(Ljava/lang/Object;Ljava/lang/Object;)Ljava/lang/Object;' in 'java/lang/invoke/Invokers$Holder')}
  0x0000798b166c0094: 48be d0a6 | 24ab 8a79 | 0000 488d | b6b8 0100 | 0048 85c0 | 750a f606 | 0175 05f0 | 4883 0e01 
  0x0000798b166c00b4: ;   {metadata(method data for {method} {0x0000798aab424a20} 'lambda$runLater$11' '(Ljava/lang/Runnable;Ljava/security/AccessControlContext;)V' in 'com/sun/javafx/application/PlatformImpl')}
  0x0000798b166c00b4: 48be d074 | 24ac 8a79 | 0000 488d | b658 0100 | 0048 85c0 | 750c f606 | 0175 4df0 | 4883 0e01 
  0x0000798b166c00d4: eb46 8b78 | 0849 ba00 | 0000 af8a | 7900 0049 | 03fa 4c8b | d748 333e | 48f7 c7fc | ffff ff74 
  0x0000798b166c00f4: 2740 f6c7 | 0275 2148 | f706 feff | ffff 7415 | 498b fa48 | 333e 48f7 | c7fc ffff | ff74 0948 
  0x0000798b166c0114: 830e 02eb | 0348 893e 

  0x0000798b166c011c: ;   {metadata(method data for {method} {0x0000798aab424a20} 'lambda$runLater$11' '(Ljava/lang/Runnable;Ljava/security/AccessControlContext;)V' in 'com/sun/javafx/application/PlatformImpl')}
  0x0000798b166c011c: 48be d074 | 24ac 8a79 | 0000 4883 | 8668 0100 

  0x0000798b166c012c: ;   {metadata(method data for {method} {0x0000798aaf4711a8} 'doPrivileged' '(Ljava/security/PrivilegedAction;Ljava/security/AccessControlContext;)Ljava/lang/Object;' in 'java/security/AccessController')}
  0x0000798b166c012c: 0001 48be | 308b 30ab | 8a79 0000 | 8bbe f400 | 0000 83c7 | 0289 bef4 | 0000 0081 | e7fe ff1f 
  0x0000798b166c014c: 0085 ff0f | 847f 0400 

  0x0000798b166c0154: ;   {metadata(method data for {method} {0x0000798aaf4711a8} 'doPrivileged' '(Ljava/security/PrivilegedAction;Ljava/security/AccessControlContext;)Ljava/lang/Object;' in 'java/security/AccessController')}
  0x0000798b166c0154: 0048 be30 | 8b30 ab8a | 7900 0048 | 8386 3801 | 0000 0148 | 8984 2488 

  0x0000798b166c016c: ;   {static_call}
  0x0000798b166c016c: 0000 00e8 

  0x0000798b166c0170: ; ImmutableOopMap {[128]=Oop [136]=Oop }
                      ;*invokestatic getCallerClass {reexecute=0 rethrow=0 return_oop=0}
                      ; - java.security.AccessController::doPrivileged@0
                      ; - com.sun.javafx.application.PlatformImpl::lambda$runLater$11@7 (line 427)
  0x0000798b166c0170: ccc8 2407 

  0x0000798b166c0174: ;   {other}
  0x0000798b166c0174: 0f1f 8400 | 6407 0001 

  0x0000798b166c017c: ;   {metadata(method data for {method} {0x0000798aaf4711a8} 'doPrivileged' '(Ljava/security/PrivilegedAction;Ljava/security/AccessControlContext;)Ljava/lang/Object;' in 'java/security/AccessController')}
  0x0000798b166c017c: 48be 308b | 30ab 8a79 | 0000 4883 | 8648 0100 | 0001 488b | b424 8000 | 0000 488b | d048 8984 
  0x0000798b166c019c: 2490 0000 | 0066 0f1f 

  0x0000798b166c01a4: ;   {static_call}
  0x0000798b166c01a4: 4400 00e8 

  0x0000798b166c01a8: ; ImmutableOopMap {[136]=Oop [144]=Oop }
                      ;*invokestatic checkContext {reexecute=0 rethrow=0 return_oop=0}
                      ; - java.security.AccessController::doPrivileged@6
                      ; - com.sun.javafx.application.PlatformImpl::lambda$runLater$11@7 (line 427)
  0x0000798b166c01a8: 544e 3707 

  0x0000798b166c01ac: ;   {other}
  0x0000798b166c01ac: 0f1f 8400 | 9c07 0002 | 4889 8424 | 9800 0000 

  0x0000798b166c01bc: ;   {metadata(method data for {method} {0x0000798aaf4711a8} 'doPrivileged' '(Ljava/security/PrivilegedAction;Ljava/security/AccessControlContext;)Ljava/lang/Object;' in 'java/security/AccessController')}
  0x0000798b166c01bc: 48be 308b | 30ab 8a79 | 0000 4883 | 8658 0100 

  0x0000798b166c01cc: ;   {metadata(method data for {method} {0x0000798aaf471430} 'executePrivileged' '(Ljava/security/PrivilegedAction;Ljava/security/AccessControlContext;Ljava/lang/Class;)Ljava/lang/Object;' in 'java/security/AccessController')}
  0x0000798b166c01cc: 0001 48be | 2800 09ab | 8a79 0000 | 8bbe f400 | 0000 83c7 | 0289 bef4 | 0000 0081 | e7fe ff1f 
  0x0000798b166c01ec: 0085 ff0f | 8400 0400 | 0048 85c0 

  0x0000798b166c01f8: ;   {metadata(method data for {method} {0x0000798aaf471430} 'executePrivileged' '(Ljava/security/PrivilegedAction;Ljava/security/AccessControlContext;Ljava/lang/Class;)Ljava/lang/Object;' in 'java/security/AccessController')}
  0x0000798b166c01f8: 48be 2800 | 09ab 8a79 | 0000 48c7 | c738 0100 | 0074 0748 | c7c7 4801 | 0000 488b | 1c3e 488d 
  0x0000798b166c0218: 5b01 4889 | 1c3e 0f84 | 2800 0000 

  0x0000798b166c0224: ;   {metadata(method data for {method} {0x0000798aaf471430} 'executePrivileged' '(Ljava/security/PrivilegedAction;Ljava/security/AccessControlContext;Ljava/lang/Class;)Ljava/lang/Object;' in 'java/security/AccessController')}
  0x0000798b166c0224: 48be 2800 | 09ab 8a79 | 0000 4883 | 8658 0100 | 0001 488b | f066 0f1f 

  0x0000798b166c023c: ;   {static_call}
  0x0000798b166c023c: 4400 00e8 

  0x0000798b166c0240: ; ImmutableOopMap {[136]=Oop [144]=Oop [152]=Oop }
                      ;*invokestatic ensureMaterializedForStackWalk {reexecute=0 rethrow=0 return_oop=0}
                      ; - java.security.AccessController::executePrivileged@5
                      ; - java.security.AccessController::doPrivileged@13
                      ; - com.sun.javafx.application.PlatformImpl::lambda$runLater$11@7 (line 427)
  0x0000798b166c0240: fcec 2b07 

  0x0000798b166c0244: ;   {other}
  0x0000798b166c0244: 0f1f 8400 | 3408 0003 

  0x0000798b166c024c: ;   {metadata(method data for {method} {0x0000798aaf471430} 'executePrivileged' '(Ljava/security/PrivilegedAction;Ljava/security/AccessControlContext;Ljava/lang/Class;)Ljava/lang/Object;' in 'java/security/AccessController')}
  0x0000798b166c024c: 48be 2800 | 09ab 8a79 | 0000 ff86 | 6801 0000 | 488b 8424 | 8800 0000 

  0x0000798b166c0264: ; implicit exception: dispatches to 0x0000798b166c0616
  0x0000798b166c0264: 483b 0048 

  0x0000798b166c0268: ;   {metadata(method data for {method} {0x0000798aaf471430} 'executePrivileged' '(Ljava/security/PrivilegedAction;Ljava/security/AccessControlContext;Ljava/lang/Class;)Ljava/lang/Object;' in 'java/security/AccessController')}
  0x0000798b166c0268: 8bf0 48bb | 2800 09ab | 8a79 0000 | 8b76 0849 | ba00 0000 | af8a 7900 | 0049 03f2 | 483b b3d8 
  0x0000798b166c0288: 0100 0075 | 0d48 8383 | e001 0000 | 01e9 6000 | 0000 483b | b3e8 0100 | 0075 0d48 | 8383 f001 
  0x0000798b166c02a8: 0000 01e9 | 4a00 0000 | 4883 bbd8 | 0100 0000 | 7517 4889 | b3d8 0100 | 0048 c783 | e001 0000 
  0x0000798b166c02c8: 0100 0000 | e929 0000 | 0048 83bb | e801 0000 | 0075 1748 | 89b3 e801 | 0000 48c7 | 83f0 0100 
  0x0000798b166c02e8: 0001 0000 | 00e9 0800 | 0000 4883 | 83c8 0100 | 0001 488b | f048 b8a0 | 3c08 b08a 

  0x0000798b166c0304: ;   {virtual_call}
  0x0000798b166c0304: 7900 00e8 

  0x0000798b166c0308: ; ImmutableOopMap {[144]=Oop [152]=Oop }
                      ;*invokeinterface run {reexecute=0 rethrow=0 return_oop=0}
                      ; - java.security.AccessController::executePrivileged@29
                      ; - java.security.AccessController::doPrivileged@13
                      ; - com.sun.javafx.application.PlatformImpl::lambda$runLater$11@7 (line 427)
  0x0000798b166c0308: b40e 0000 

  0x0000798b166c030c: ;   {other}
  0x0000798b166c030c: 0f1f 8400 | fc08 0004 

  0x0000798b166c0314: ;   {metadata(method data for {method} {0x0000798aaf471430} 'executePrivileged' '(Ljava/security/PrivilegedAction;Ljava/security/AccessControlContext;Ljava/lang/Class;)Ljava/lang/Object;' in 'java/security/AccessController')}
  0x0000798b166c0314: 48be 2800 | 09ab 8a79 | 0000 ff86 | 0002 0000 | 488b b424 | 9000 0000 

  0x0000798b166c032c: ;   {metadata(method data for {method} {0x0000798aaf471430} 'executePrivileged' '(Ljava/security/PrivilegedAction;Ljava/security/AccessControlContext;Ljava/lang/Class;)Ljava/lang/Object;' in 'java/security/AccessController')}
  0x0000798b166c032c: 48bf 2800 | 09ab 8a79 | 0000 4883 | 8760 0200 

  0x0000798b166c033c: ;   {metadata(method data for {method} {0x0000798aaf03e8d8} 'reachabilityFence' '(Ljava/lang/Object;)V' in 'java/lang/ref/Reference')}
  0x0000798b166c033c: 0001 48bf | f802 09ab | 8a79 0000 | 8b9f f400 | 0000 83c3 | 0289 9ff4 | 0000 0081 | e3fe ff1f 
  0x0000798b166c035c: 0085 db0f | 84b6 0200 

  0x0000798b166c0364: ;   {metadata(method data for {method} {0x0000798aaf471430} 'executePrivileged' '(Ljava/security/PrivilegedAction;Ljava/security/AccessControlContext;Ljava/lang/Class;)Ljava/lang/Object;' in 'java/security/AccessController')}
  0x0000798b166c0364: 0048 be28 | 0009 ab8a | 7900 0048 | 8386 7002 

  0x0000798b166c0374: ;   {metadata(method data for {method} {0x0000798aaf03e8d8} 'reachabilityFence' '(Ljava/lang/Object;)V' in 'java/lang/ref/Reference')}
  0x0000798b166c0374: 0000 0148 | bef8 0209 | ab8a 7900 | 008b bef4 | 0000 0083 | c702 89be | f400 0000 | 81e7 feff 
  0x0000798b166c0394: 1f00 85ff | 0f84 9e02 

  0x0000798b166c039c: ;   {oop(a 'java/lang/Class'{0x0000000622fdc9d0} = 'com/sun/javafx/application/PlatformImpl')}
  0x0000798b166c039c: 0000 48be | d0c9 fd22 | 0600 0000 | 8bb6 8800 | 0000 48c1 | e603 483b | 0648 8bfe 

  0x0000798b166c03b8: ;   {metadata(method data for {method} {0x0000798aab424a20} 'lambda$runLater$11' '(Ljava/lang/Runnable;Ljava/security/AccessControlContext;)V' in 'com/sun/javafx/application/PlatformImpl')}
  0x0000798b166c03b8: 48bb d074 | 24ac 8a79 | 0000 4883 | 8378 0100 | 0001 0f1f 

  0x0000798b166c03cc: ;   {optimized virtual_call}
  0x0000798b166c03cc: 4400 00e8 

  0x0000798b166c03d0: ; ImmutableOopMap {}
                      ;*invokevirtual decrementAndGet {reexecute=0 rethrow=0 return_oop=0}
                      ; - com.sun.javafx.application.PlatformImpl::lambda$runLater$11@14 (line 432)
  0x0000798b166c03d0: 4c93 2007 

  0x0000798b166c03d4: ;   {other}
  0x0000798b166c03d4: 0f1f 8400 | c409 0005 

  0x0000798b166c03dc: ;   {metadata(method data for {method} {0x0000798aab424a20} 'lambda$runLater$11' '(Ljava/lang/Runnable;Ljava/security/AccessControlContext;)V' in 'com/sun/javafx/application/PlatformImpl')}
  0x0000798b166c03dc: 48be d074 | 24ac 8a79 | 0000 4883 | 86b0 0100 

  0x0000798b166c03ec: ;   {static_call}
  0x0000798b166c03ec: 0001 90e8 

  0x0000798b166c03f0: ; ImmutableOopMap {}
                      ;*invokestatic checkIdle {reexecute=0 rethrow=0 return_oop=0}
                      ; - com.sun.javafx.application.PlatformImpl::lambda$runLater$11@18 (line 433)
  0x0000798b166c03f0: ac74 ffff 

  0x0000798b166c03f4: ;   {other}
  0x0000798b166c03f4: 0f1f 8400 | e409 0006 

  0x0000798b166c03fc: ;   {metadata(method data for {method} {0x0000798aab424a20} 'lambda$runLater$11' '(Ljava/lang/Runnable;Ljava/security/AccessControlContext;)V' in 'com/sun/javafx/application/PlatformImpl')}
  0x0000798b166c03fc: 48b8 d074 | 24ac 8a79 | 0000 ff80 | c001 0000 | 4881 c4b0 | 0000 005d 

  0x0000798b166c0414: ;   {poll_return}
  0x0000798b166c0414: 493b a750 | 0400 000f | 8741 0200 | 00c3 498b | 8700 0500 | 004d 33d2 | 4d89 9700 | 0500 004d 
  0x0000798b166c0434: 33d2 4d89 | 9708 0500 

  0x0000798b166c043c: ;   {oop(a 'java/lang/Class'{0x0000000622fdc9d0} = 'com/sun/javafx/application/PlatformImpl')}
  0x0000798b166c043c: 0048 bed0 | c9fd 2206 | 0000 008b | b688 0000 | 0048 c1e6 | 0348 3b06 

  0x0000798b166c0454: ;   {metadata(method data for {method} {0x0000798aab424a20} 'lambda$runLater$11' '(Ljava/lang/Runnable;Ljava/security/AccessControlContext;)V' in 'com/sun/javafx/application/PlatformImpl')}
  0x0000798b166c0454: 488b fe48 | bbd0 7424 | ac8a 7900 | 0048 8383 | d801 0000 | 0148 8984 | 24a0 0000 | 0066 0f1f 
  0x0000798b166c0474: ;   {optimized virtual_call}
  0x0000798b166c0474: 4400 00e8 

  0x0000798b166c0478: ; ImmutableOopMap {[160]=Oop }
                      ;*invokevirtual decrementAndGet {reexecute=0 rethrow=0 return_oop=0}
                      ; - com.sun.javafx.application.PlatformImpl::lambda$runLater$11@28 (line 432)
  0x0000798b166c0478: 044f cc06 

  0x0000798b166c047c: ;   {other}
  0x0000798b166c047c: 0f1f 8400 | 6c0a 0007 

  0x0000798b166c0484: ;   {metadata(method data for {method} {0x0000798aab424a20} 'lambda$runLater$11' '(Ljava/lang/Runnable;Ljava/security/AccessControlContext;)V' in 'com/sun/javafx/application/PlatformImpl')}
  0x0000798b166c0484: 48be d074 | 24ac 8a79 | 0000 4883 | 8610 0200 

  0x0000798b166c0494: ;   {static_call}
  0x0000798b166c0494: 0001 90e8 

  0x0000798b166c0498: ; ImmutableOopMap {[160]=Oop }
                      ;*invokestatic checkIdle {reexecute=0 rethrow=0 return_oop=0}
                      ; - com.sun.javafx.application.PlatformImpl::lambda$runLater$11@32 (line 433)
  0x0000798b166c0498: e454 cc06 

  0x0000798b166c049c: ;   {other}
  0x0000798b166c049c: 0f1f 8400 | 8c0a 0008 | 488b 8424 | a000 0000 | e9e9 0100 

  0x0000798b166c04b0: ;   {metadata({method} {0x0000798aab424a20} 'lambda$runLater$11' '(Ljava/lang/Runnable;Ljava/security/AccessControlContext;)V' in 'com/sun/javafx/application/PlatformImpl')}
  0x0000798b166c04b0: 0049 ba20 | 4a42 ab8a | 7900 004c | 8954 2408 | 48c7 0424 | ffff ffff 

  0x0000798b166c04c8: ;   {runtime_call counter_overflow Runtime1 stub}
  0x0000798b166c04c8: e8b3 b8d8 

  0x0000798b166c04cc: ; ImmutableOopMap {rsi=Oop rdx=Oop }
                      ;*synchronization entry
                      ; - com.sun.javafx.application.PlatformImpl::lambda$runLater$11@-1 (line 427)
  0x0000798b166c04cc: 06e9 34f8 

  0x0000798b166c04d0: ;   {metadata({method} {0x0000798aaf0ae8b8} 'linkToTargetMethod' '(Ljava/lang/Object;Ljava/lang/Object;)Ljava/lang/Object;' in 'java/lang/invoke/Invokers$Holder')}
  0x0000798b166c04d0: ffff 49ba | b8e8 0aaf | 8a79 0000 | 4c89 5424 | 0848 c704 | 24ff ffff 

  0x0000798b166c04e8: ;   {runtime_call counter_overflow Runtime1 stub}
  0x0000798b166c04e8: ffe8 92b8 

  0x0000798b166c04ec: ; ImmutableOopMap {rsi=Oop rbx=Oop [128]=Oop }
                      ;*synchronization entry
                      ; - java.lang.invoke.Invokers$Holder::linkToTargetMethod@-1
                      ; - com.sun.javafx.application.PlatformImpl::lambda$runLater$11@1 (line 427)
  0x0000798b166c04ec: d806 e9fc 

  0x0000798b166c04f0: ;   {metadata({method} {0x0000798aaf0b4ad8} 'newInvokeSpecial' '(Ljava/lang/Object;Ljava/lang/Object;)Ljava/lang/Object;' in 'java/lang/invoke/DirectMethodHandle$Holder')}
  0x0000798b166c04f0: f8ff ff49 | bad8 4a0b | af8a 7900 | 004c 8954 | 2408 48c7 | 0424 ffff 

  0x0000798b166c0508: ;   {runtime_call counter_overflow Runtime1 stub}
  0x0000798b166c0508: ffff e871 

  0x0000798b166c050c: ; ImmutableOopMap {rsi=Oop rbx=Oop [128]=Oop }
                      ;*synchronization entry
                      ; - java.lang.invoke.DirectMethodHandle$Holder::newInvokeSpecial@-1
                      ; - java.lang.invoke.Invokers$Holder::linkToTargetMethod@5
                      ; - com.sun.javafx.application.PlatformImpl::lambda$runLater$11@1 (line 427)
  0x0000798b166c050c: b8d8 06e9 | 66f9 ffff 

  0x0000798b166c0514: ;   {metadata({method} {0x0000798aaf0a1638} 'allocateInstance' '(Ljava/lang/Object;)Ljava/lang/Object;' in 'java/lang/invoke/DirectMethodHandle')}
  0x0000798b166c0514: 49ba 3816 | 0aaf 8a79 | 0000 4c89 | 5424 0848 | c704 24ff 

  0x0000798b166c0528: ;   {runtime_call counter_overflow Runtime1 stub}
  0x0000798b166c0528: ffff ffe8 

  0x0000798b166c052c: ; ImmutableOopMap {rsi=Oop rbx=Oop [128]=Oop }
                      ;*synchronization entry
                      ; - java.lang.invoke.DirectMethodHandle::allocateInstance@-1
                      ; - java.lang.invoke.DirectMethodHandle$Holder::newInvokeSpecial@1
                      ; - java.lang.invoke.Invokers$Holder::linkToTargetMethod@5
                      ; - com.sun.javafx.application.PlatformImpl::lambda$runLater$11@1 (line 427)
  0x0000798b166c052c: 50b8 d806 | e99f f9ff 

  0x0000798b166c0534: ;   {metadata({method} {0x0000798aaf0a20e0} 'constructorMethod' '(Ljava/lang/Object;)Ljava/lang/Object;' in 'java/lang/invoke/DirectMethodHandle')}
  0x0000798b166c0534: ff49 bae0 | 200a af8a | 7900 004c | 8954 2408 | 48c7 0424 | ffff ffff 

  0x0000798b166c054c: ;   {runtime_call counter_overflow Runtime1 stub}
  0x0000798b166c054c: e82f b8d8 

  0x0000798b166c0550: ; ImmutableOopMap {rax=Oop [120]=Oop [128]=Oop }
                      ;*synchronization entry
                      ; - java.lang.invoke.DirectMethodHandle::constructorMethod@-1
                      ; - java.lang.invoke.DirectMethodHandle$Holder::newInvokeSpecial@6
                      ; - java.lang.invoke.Invokers$Holder::linkToTargetMethod@5
                      ; - com.sun.javafx.application.PlatformImpl::lambda$runLater$11@1 (line 427)
  0x0000798b166c0550: 06e9 46fa 

  0x0000798b166c0554: ;   {runtime_call throw_null_pointer_exception Runtime1 stub}
  0x0000798b166c0554: ffff e8a5 

  0x0000798b166c0558: ; ImmutableOopMap {rax=Oop [120]=Oop [128]=Oop }
                      ;*invokestatic linkToSpecial {reexecute=0 rethrow=0 return_oop=0}
                      ; - java.lang.invoke.DirectMethodHandle$Holder::newInvokeSpecial@16
                      ; - java.lang.invoke.Invokers$Holder::linkToTargetMethod@5
                      ; - com.sun.javafx.application.PlatformImpl::lambda$runLater$11@1 (line 427)
                      ;   {metadata({method} {0x0000798aab56b620} '<init>' '(Ljava/lang/Runnable;)V' in 'com/sun/javafx/application/PlatformImpl$$Lambda+0x0000798ab0083ca0')}
  0x0000798b166c0558: 40d8 0649 | ba20 b656 | ab8a 7900 | 004c 8954 | 2408 48c7 | 0424 ffff 

  0x0000798b166c0570: ;   {runtime_call counter_overflow Runtime1 stub}
  0x0000798b166c0570: ffff e809 

  0x0000798b166c0574: ; ImmutableOopMap {rax=Oop rdi=Oop [128]=Oop }
                      ;*synchronization entry
                      ; - com.sun.javafx.application.PlatformImpl$$Lambda/0x0000798ab0083ca0::<init>@-1
                      ; - java.lang.invoke.DirectMethodHandle$Holder::newInvokeSpecial@16
                      ; - java.lang.invoke.Invokers$Holder::linkToTargetMethod@5
                      ; - com.sun.javafx.application.PlatformImpl::lambda$runLater$11@1 (line 427)
  0x0000798b166c0574: b8d8 06e9 | b0fa ffff 

  0x0000798b166c057c: ;   {metadata({method} {0x0000798aaf475450} '<init>' '()V' in 'java/lang/Object')}
  0x0000798b166c057c: 49ba 5054 | 47af 8a79 | 0000 4c89 | 5424 0848 | c704 24ff 

  0x0000798b166c0590: ;   {runtime_call counter_overflow Runtime1 stub}
  0x0000798b166c0590: ffff ffe8 

  0x0000798b166c0594: ; ImmutableOopMap {rax=Oop rdi=Oop [128]=Oop }
                      ;*synchronization entry
                      ; - java.lang.Object::<init>@-1
                      ; - com.sun.javafx.application.PlatformImpl$$Lambda/0x0000798ab0083ca0::<init>@1
                      ; - java.lang.invoke.DirectMethodHandle$Holder::newInvokeSpecial@16
                      ; - java.lang.invoke.Invokers$Holder::linkToTargetMethod@5
                      ; - com.sun.javafx.application.PlatformImpl::lambda$runLater$11@1 (line 427)
  0x0000798b166c0594: e8b7 d806 | e9cb faff | ff8b 700c | 48c1 e603 | 4883 fe00 | 0f84 c7fa | ffff 4889 

  0x0000798b166c05b0: ;   {runtime_call g1_pre_barrier_slow}
  0x0000798b166c05b0: 3424 e8c9 | bdd8 06e9 | b9fa ffff | 4883 ff00 | 0f84 cefa | ffff 4889 

  0x0000798b166c05c8: ;   {runtime_call g1_post_barrier_slow}
  0x0000798b166c05c8: 0424 e8b1 | c0d8 06e9 | c0fa ffff 

  0x0000798b166c05d4: ;   {metadata({method} {0x0000798aaf4711a8} 'doPrivileged' '(Ljava/security/PrivilegedAction;Ljava/security/AccessControlContext;)Ljava/lang/Object;' in 'java/security/AccessController')}
  0x0000798b166c05d4: 49ba a811 | 47af 8a79 | 0000 4c89 | 5424 0848 | c704 24ff 

  0x0000798b166c05e8: ;   {runtime_call counter_overflow Runtime1 stub}
  0x0000798b166c05e8: ffff ffe8 

  0x0000798b166c05ec: ; ImmutableOopMap {rax=Oop [128]=Oop }
                      ;*synchronization entry
                      ; - java.security.AccessController::doPrivileged@-1
                      ; - com.sun.javafx.application.PlatformImpl::lambda$runLater$11@7 (line 427)
  0x0000798b166c05ec: 90b7 d806 | e960 fbff 

  0x0000798b166c05f4: ;   {metadata({method} {0x0000798aaf471430} 'executePrivileged' '(Ljava/security/PrivilegedAction;Ljava/security/AccessControlContext;Ljava/lang/Class;)Ljava/lang/Object;' in 'java/security/AccessController')}
  0x0000798b166c05f4: ff49 ba30 | 1447 af8a | 7900 004c | 8954 2408 | 48c7 0424 | ffff ffff 

  0x0000798b166c060c: ;   {runtime_call counter_overflow Runtime1 stub}
  0x0000798b166c060c: e86f b7d8 

  0x0000798b166c0610: ; ImmutableOopMap {rax=Oop [136]=Oop [144]=Oop [152]=Oop }
                      ;*synchronization entry
                      ; - java.security.AccessController::executePrivileged@-1
                      ; - java.security.AccessController::doPrivileged@13
                      ; - com.sun.javafx.application.PlatformImpl::lambda$runLater$11@7 (line 427)
  0x0000798b166c0610: 06e9 dffb 

  0x0000798b166c0614: ;   {runtime_call throw_null_pointer_exception Runtime1 stub}
  0x0000798b166c0614: ffff e8e5 

  0x0000798b166c0618: ; ImmutableOopMap {rax=Oop [144]=Oop [152]=Oop }
                      ;*invokeinterface run {reexecute=0 rethrow=0 return_oop=0}
                      ; - java.security.AccessController::executePrivileged@29
                      ; - java.security.AccessController::doPrivileged@13
                      ; - com.sun.javafx.application.PlatformImpl::lambda$runLater$11@7 (line 427)
                      ;   {metadata({method} {0x0000798aaf03e8d8} 'reachabilityFence' '(Ljava/lang/Object;)V' in 'java/lang/ref/Reference')}
  0x0000798b166c0618: 3fd8 0649 | bad8 e803 | af8a 7900 | 004c 8954 | 2408 48c7 | 0424 ffff 

  0x0000798b166c0630: ;   {runtime_call counter_overflow Runtime1 stub}
  0x0000798b166c0630: ffff e849 

  0x0000798b166c0634: ; ImmutableOopMap {rax=Oop rsi=Oop }
                      ;*synchronization entry
                      ; - java.lang.ref.Reference::reachabilityFence@-1
                      ; - java.security.AccessController::executePrivileged@56
                      ; - java.security.AccessController::doPrivileged@13
                      ; - com.sun.javafx.application.PlatformImpl::lambda$runLater$11@7 (line 427)
  0x0000798b166c0634: b7d8 06e9 | 29fd ffff 

  0x0000798b166c063c: ;   {metadata({method} {0x0000798aaf03e8d8} 'reachabilityFence' '(Ljava/lang/Object;)V' in 'java/lang/ref/Reference')}
  0x0000798b166c063c: 49ba d8e8 | 03af 8a79 | 0000 4c89 | 5424 0848 | c704 24ff 

  0x0000798b166c0650: ;   {runtime_call counter_overflow Runtime1 stub}
  0x0000798b166c0650: ffff ffe8 

  0x0000798b166c0654: ; ImmutableOopMap {rax=Oop }
                      ;*synchronization entry
                      ; - java.lang.ref.Reference::reachabilityFence@-1
                      ; - java.security.AccessController::executePrivileged@60
                      ; - java.security.AccessController::doPrivileged@13
                      ; - com.sun.javafx.application.PlatformImpl::lambda$runLater$11@7 (line 427)
  0x0000798b166c0654: 28b7 d806 | e941 fdff 

  0x0000798b166c065c: ;   {runtime_call throw_null_pointer_exception Runtime1 stub}
  0x0000798b166c065c: ffe8 9e3f 

  0x0000798b166c0660: ; ImmutableOopMap {rsi=Oop }
                      ;*invokevirtual decrementAndGet {reexecute=0 rethrow=0 return_oop=0}
                      ; - com.sun.javafx.application.PlatformImpl::lambda$runLater$11@14 (line 432)
                      ;   {internal_word}
  0x0000798b166c0660: d806 49ba | 1404 6c16 | 8b79 0000 | 4d89 9768 

  0x0000798b166c0670: ;   {runtime_call SafepointBlob}
  0x0000798b166c0670: 0400 00e9 | 88b9 cc06 

  0x0000798b166c0678: ;   {runtime_call throw_null_pointer_exception Runtime1 stub}
  0x0000798b166c0678: e883 3fd8 

  0x0000798b166c067c: ; ImmutableOopMap {rax=Oop rsi=Oop }
                      ;*invokevirtual decrementAndGet {reexecute=0 rethrow=0 return_oop=0}
                      ; - com.sun.javafx.application.PlatformImpl::lambda$runLater$11@28 (line 432)
  0x0000798b166c067c: 0649 8b87 | 0005 0000 | 49c7 8700 | 0500 0000 | 0000 0049 | c787 0805 | 0000 0000 | 0000 4881 
  0x0000798b166c069c: c4b0 0000 

  0x0000798b166c06a0: ;   {runtime_call unwind_exception Runtime1 stub}
  0x0000798b166c06a0: 005d e959 | 30d8 06f4 
[Stub Code]
  0x0000798b166c06a8: ;   {no_reloc}
  0x0000798b166c06a8: 0f1f 4400 

  0x0000798b166c06ac: ;   {static_stub}
  0x0000798b166c06ac: 0048 bb00 | 0000 0000 

  0x0000798b166c06b4: ;   {runtime_call nmethod}
  0x0000798b166c06b4: 0000 00e9 | fbff ffff 

  0x0000798b166c06bc: ;   {static_stub}
  0x0000798b166c06bc: 48bb 0000 | 0000 0000 

  0x0000798b166c06c4: ;   {runtime_call nmethod}
  0x0000798b166c06c4: 0000 e9fb 

  0x0000798b166c06c8: ;   {static_stub}
  0x0000798b166c06c8: ffff ff48 | bba0 f215 | af8a 7900 

  0x0000798b166c06d4: ;   {runtime_call I2C/C2I adapters}
  0x0000798b166c06d4: 00e9 8996 

  0x0000798b166c06d8: ;   {static_stub}
  0x0000798b166c06d8: cc06 48bb | 0000 0000 | 0000 0000 

  0x0000798b166c06e4: ;   {runtime_call nmethod}
  0x0000798b166c06e4: e9fb ffff 

  0x0000798b166c06e8: ;   {static_stub}
  0x0000798b166c06e8: ff48 bb00 | 0000 0000 

  0x0000798b166c06f0: ;   {runtime_call nmethod}
  0x0000798b166c06f0: 0000 00e9 | fbff ffff 

  0x0000798b166c06f8: ;   {static_stub}
  0x0000798b166c06f8: 48bb 0000 | 0000 0000 

  0x0000798b166c0700: ;   {runtime_call nmethod}
  0x0000798b166c0700: 0000 e9fb 

  0x0000798b166c0704: ;   {static_stub}
  0x0000798b166c0704: ffff ff48 | bb00 0000 | 0000 0000 

  0x0000798b166c0710: ;   {runtime_call nmethod}
  0x0000798b166c0710: 00e9 fbff 

  0x0000798b166c0714: ;   {runtime_call handle_exception_from_callee Runtime1 stub}
  0x0000798b166c0714: ffff e865 

  0x0000798b166c0718: ;   {external_word}
  0x0000798b166c0718: 6ad8 0648 | bf04 2a12 | 2e8b 7900 | 0048 83e4 

  0x0000798b166c0728: ;   {runtime_call MacroAssembler::debug64(char*, long, long*)}
  0x0000798b166c0728: f0e8 f20a 

  0x0000798b166c072c: ;   {section_word}
  0x0000798b166c072c: 5417 f449 | ba2f 076c | 168b 7900 

  0x0000798b166c0738: ;   {runtime_call DeoptimizationBlob}
  0x0000798b166c0738: 0041 52e9 | 60ab cc06 
[/MachCode]


Compiled method (c1) 69470 4659       3       com.sun.javafx.application.PlatformImpl$$Lambda/0x0000798ab0083400::run (12 bytes)
 total in heap  [0x0000798b166bf690,0x0000798b166bfa00] = 880
 relocation     [0x0000798b166bf7e8,0x0000798b166bf828] = 64
 main code      [0x0000798b166bf840,0x0000798b166bf950] = 272
 stub code      [0x0000798b166bf950,0x0000798b166bf990] = 64
 oops           [0x0000798b166bf990,0x0000798b166bf998] = 8
 metadata       [0x0000798b166bf998,0x0000798b166bf9a0] = 8
 scopes data    [0x0000798b166bf9a0,0x0000798b166bf9b8] = 24
 scopes pcs     [0x0000798b166bf9b8,0x0000798b166bf9f8] = 64
 dependencies   [0x0000798b166bf9f8,0x0000798b166bfa00] = 8

[Constant Pool (empty)]

[MachCode]
[Entry Point]
  # {method} {0x0000798aab56f920} 'run' '()V' in 'com/sun/javafx/application/PlatformImpl$$Lambda+0x0000798ab0083400'
  #           [sp+0x30]  (sp of caller)
  0x0000798b166bf840: 448b 5608 | 49bb 0000 | 00af 8a79 | 0000 4d03 | d34c 3bd0 

  0x0000798b166bf854: ;   {runtime_call ic_miss_stub}
  0x0000798b166bf854: 0f85 2658 | cc06 660f | 1f44 0000 
[Verified Entry Point]
  0x0000798b166bf860: 8984 2400 | c0fe ff55 | 4883 ec20 | 4181 7f20 | 0500 0000 

  0x0000798b166bf874: ;   {runtime_call StubRoutines (final stubs)}
  0x0000798b166bf874: 7405 e825 

  0x0000798b166bf878: ;   {metadata(method data for {method} {0x0000798aab56f920} 'run' '()V' in 'com/sun/javafx/application/PlatformImpl$$Lambda+0x0000798ab0083400')}
  0x0000798b166bf878: bcca 0648 | ba48 7324 | ac8a 7900 | 008b baf4 | 0000 0083 | c702 89ba | f400 0000 | 81e7 fe07 
  0x0000798b166bf898: 0000 85ff | 0f84 4d00 | 0000 8b56 | 0c48 c1e2 | 038b 7e10 | 48c1 e703 

  0x0000798b166bf8b0: ;   {metadata(method data for {method} {0x0000798aab56f920} 'run' '()V' in 'com/sun/javafx/application/PlatformImpl$$Lambda+0x0000798ab0083400')}
  0x0000798b166bf8b0: 48be 4873 | 24ac 8a79 | 0000 4883 | 8638 0100 | 0001 488b | f248 8bd7 | 0f1f 8000 

  0x0000798b166bf8cc: ;   {static_call}
  0x0000798b166bf8cc: 0000 00e8 

  0x0000798b166bf8d0: ; ImmutableOopMap {}
                      ;*invokestatic lambda$runLater$11 {reexecute=0 rethrow=0 return_oop=0}
                      ; - com.sun.javafx.application.PlatformImpl$$Lambda/0x0000798ab0083400::run@8
  0x0000798b166bf8d0: ec03 0000 

  0x0000798b166bf8d4: ;   {other}
  0x0000798b166bf8d4: 0f1f 8400 | 4402 0000 | 4883 c420 

  0x0000798b166bf8e0: ;   {poll_return}
  0x0000798b166bf8e0: 5d49 3ba7 | 5004 0000 | 0f87 1f00 

  0x0000798b166bf8ec: ;   {metadata({method} {0x0000798aab56f920} 'run' '()V' in 'com/sun/javafx/application/PlatformImpl$$Lambda+0x0000798ab0083400')}
  0x0000798b166bf8ec: 0000 c349 | ba20 f956 | ab8a 7900 | 004c 8954 | 2408 48c7 | 0424 ffff 

  0x0000798b166bf904: ;   {runtime_call counter_overflow Runtime1 stub}
  0x0000798b166bf904: ffff e875 

  0x0000798b166bf908: ; ImmutableOopMap {rsi=Oop }
                      ;*synchronization entry
                      ; - com.sun.javafx.application.PlatformImpl$$Lambda/0x0000798ab0083400::run@-1
  0x0000798b166bf908: c4d8 06eb 

  0x0000798b166bf90c: ;   {internal_word}
  0x0000798b166bf90c: 9549 bae1 | f86b 168b | 7900 004d | 8997 6804 

  0x0000798b166bf91c: ;   {runtime_call SafepointBlob}
  0x0000798b166bf91c: 0000 e9dd | c6cc 0649 | 8b87 0005 | 0000 49c7 | 8700 0500 | 0000 0000 | 0049 c787 | 0805 0000 
  0x0000798b166bf93c: 0000 0000 | 4883 c420 

  0x0000798b166bf944: ;   {runtime_call unwind_exception Runtime1 stub}
  0x0000798b166bf944: 5de9 b63d | d806 f4f4 | f4f4 f4f4 
[Stub Code]
  0x0000798b166bf950: ;   {no_reloc}
  0x0000798b166bf950: 48bb 0000 | 0000 0000 

  0x0000798b166bf958: ;   {runtime_call nmethod}
  0x0000798b166bf958: 0000 e9fb 

  0x0000798b166bf95c: ;   {runtime_call handle_exception_from_callee Runtime1 stub}
  0x0000798b166bf95c: ffff ffe8 | 1c78 d806 

  0x0000798b166bf964: ;   {external_word}
  0x0000798b166bf964: 48bf 042a | 122e 8b79 | 0000 4883 

  0x0000798b166bf970: ;   {runtime_call MacroAssembler::debug64(char*, long, long*)}
  0x0000798b166bf970: e4f0 e8a9 | 1854 17f4 
[Deopt Handler Code]
  0x0000798b166bf978: ;   {section_word}
  0x0000798b166bf978: 49ba 78f9 | 6b16 8b79 | 0000 4152 

  0x0000798b166bf984: ;   {runtime_call DeoptimizationBlob}
  0x0000798b166bf984: e917 b9cc | 06f4 f4f4 | f4f4 f4f4 
[/MachCode]


---------------  P R O C E S S  ---------------

Threads class SMR info:
_java_thread_list=0x0000798a840b7420, length=31, elements={
0x0000798b2802c9b0, 0x0000798b28128890, 0x0000798b28129e00, 0x0000798b2812b590,
0x0000798b2812cbd0, 0x0000798b2812e170, 0x0000798b2812fcb0, 0x0000798b28131370,
0x0000798b28146e70, 0x0000798b281b03d0, 0x0000798b28290060, 0x0000798b28401050,
0x0000798b28615c50, 0x0000798b286a5cc0, 0x0000798a480c9d70, 0x0000798a482dd110,
0x0000798a78223910, 0x0000798a48133240, 0x0000798a487a6070, 0x0000798a487c5b30,
0x0000798998006bb0, 0x000079899c0ec4d0, 0x0000798974002d30, 0x000079896c000930,
0x0000798a4885cf30, 0x0000798a4885e0f0, 0x0000798998013db0, 0x0000798974013750,
0x000079895c002be0, 0x000079896800acb0, 0x0000798a84bfdeb0
}

Java Threads: ( => current thread )
  0x0000798b2802c9b0 JavaThread "main"                              [_thread_blocked, id=36790, stack(0x0000798b2e83c000,0x0000798b2e93c000) (1024K)]
  0x0000798b28128890 JavaThread "Reference Handler"          daemon [_thread_blocked, id=36798, stack(0x0000798afc900000,0x0000798afca00000) (1024K)]
  0x0000798b28129e00 JavaThread "Finalizer"                  daemon [_thread_blocked, id=36799, stack(0x0000798afc800000,0x0000798afc900000) (1024K)]
  0x0000798b2812b590 JavaThread "Signal Dispatcher"          daemon [_thread_blocked, id=36800, stack(0x0000798afc700000,0x0000798afc800000) (1024K)]
  0x0000798b2812cbd0 JavaThread "Service Thread"             daemon [_thread_blocked, id=36801, stack(0x0000798afc600000,0x0000798afc700000) (1024K)]
  0x0000798b2812e170 JavaThread "Monitor Deflation Thread"   daemon [_thread_blocked, id=36802, stack(0x0000798afc500000,0x0000798afc600000) (1024K)]
  0x0000798b2812fcb0 JavaThread "C2 CompilerThread0"         daemon [_thread_blocked, id=36803, stack(0x0000798afc400000,0x0000798afc500000) (1024K)]
  0x0000798b28131370 JavaThread "C1 CompilerThread0"         daemon [_thread_blocked, id=36804, stack(0x0000798afc300000,0x0000798afc400000) (1024K)]
  0x0000798b28146e70 JavaThread "Common-Cleaner"             daemon [_thread_blocked, id=36805, stack(0x0000798afc200000,0x0000798afc300000) (1024K)]
  0x0000798b281b03d0 JavaThread "Notification Thread"        daemon [_thread_blocked, id=36808, stack(0x0000798aaaf00000,0x0000798aab000000) (1024K)]
  0x0000798b28290060 JavaThread "QuantumRenderer-0"          daemon [_thread_blocked, id=36809, stack(0x0000798aaae00000,0x0000798aaaf00000) (1024K)]
  0x0000798b28401050 JavaThread "InvokeLaterDispatcher"      daemon [_thread_blocked, id=36818, stack(0x0000798afc000000,0x0000798afc100000) (1024K)]
=>0x0000798b28615c50 JavaThread "JavaFX Application Thread"         [_thread_in_vm, id=36819, stack(0x0000798a59622000,0x0000798a59722000) (1024K)]
  0x0000798b286a5cc0 JavaThread "JavaFX-Launcher"                   [_thread_blocked, id=36822, stack(0x0000798a58cf7000,0x0000798a58df7000) (1024K)]
  0x0000798a480c9d70 JavaThread "Thread-2"                   daemon [_thread_blocked, id=36832, stack(0x0000798a58100000,0x0000798a58200000) (1024K)]
  0x0000798a482dd110 JavaThread "Prism Font Disposer"        daemon [_thread_blocked, id=36842, stack(0x0000798a58000000,0x0000798a58100000) (1024K)]
  0x0000798a78223910 JavaThread "Cleaner-0"                  daemon [_thread_blocked, id=36846, stack(0x0000798afc100000,0x0000798afc200000) (1024K)]
  0x0000798a48133240 JavaThread "Disposer"                   daemon [_thread_blocked, id=37129, stack(0x0000798a584f0000,0x0000798a585f0000) (1024K)]
  0x0000798a487a6070 JavaThread "HttpClient-1-SelectorManager" daemon [_thread_in_native, id=37132, stack(0x0000798a12f00000,0x0000798a13000000) (1024K)]
  0x0000798a487c5b30 JavaThread "HttpClient-1-Worker-0"      daemon [_thread_blocked, id=37133, stack(0x0000798a12d00000,0x0000798a12e00000) (1024K)]
  0x0000798998006bb0 JavaThread "HttpClient-1-Worker-1"      daemon [_thread_blocked, id=37141, stack(0x0000798a12900000,0x0000798a12a00000) (1024K)]
  0x000079899c0ec4d0 JavaThread "ForkJoinPool.commonPool-worker-1" daemon [_thread_blocked, id=37142, stack(0x0000798a12700000,0x0000798a12800000) (1024K)]
  0x0000798974002d30 JavaThread "ForkJoinPool.commonPool-worker-2" daemon [_thread_blocked, id=37143, stack(0x0000798a11cff000,0x0000798a11dff000) (1024K)]
  0x000079896c000930 JavaThread "Thread-4"                   daemon [_thread_in_native, id=37144, stack(0x00007989967fe000,0x0000798996ffe000) (8192K)]
  0x0000798a4885cf30 JavaThread "HttpClient-1-Worker-2"      daemon [_thread_blocked, id=37145, stack(0x0000798a11bff000,0x0000798a11cff000) (1024K)]
  0x0000798a4885e0f0 JavaThread "HttpClient-1-Worker-3"      daemon [_thread_blocked, id=37146, stack(0x0000798a11aff000,0x0000798a11bff000) (1024K)]
  0x0000798998013db0 JavaThread "HttpClient-1-Worker-4"      daemon [_thread_blocked, id=37147, stack(0x0000798a119ff000,0x0000798a11aff000) (1024K)]
  0x0000798974013750 JavaThread "ForkJoinPool.commonPool-worker-3" daemon [_thread_blocked, id=37149, stack(0x0000798a118ff000,0x0000798a119ff000) (1024K)]
  0x000079895c002be0 JavaThread "ForkJoinPool.commonPool-worker-4" daemon [_thread_blocked, id=37150, stack(0x0000798a104fe000,0x0000798a105fe000) (1024K)]
  0x000079896800acb0 JavaThread "ForkJoinPool.commonPool-worker-5" daemon [_thread_blocked, id=37151, stack(0x0000798a103fe000,0x0000798a104fe000) (1024K)]
  0x0000798a84bfdeb0 JavaThread "C2 CompilerThread1"         daemon [_thread_blocked, id=37184, stack(0x0000798a13300000,0x0000798a13400000) (1024K)]
Total: 31

Other Threads:
  0x0000798b2811f4a0 VMThread "VM Thread"                           [id=36797, stack(0x0000798afd7f9000,0x0000798afd8f9000) (1024K)]
  0x0000798b2810d490 WatcherThread "VM Periodic Task Thread"        [id=36796, stack(0x0000798afd8fa000,0x0000798afd9fa000) (1024K)]
  0x0000798b28056cf0 WorkerThread "GC Thread#0"                     [id=36791, stack(0x0000798b2c301000,0x0000798b2c401000) (1024K)]
  0x0000798aa40079f0 WorkerThread "GC Thread#1"                     [id=36823, stack(0x0000798a58bf7000,0x0000798a58cf7000) (1024K)]
  0x0000798aa40085a0 WorkerThread "GC Thread#2"                     [id=36824, stack(0x0000798a58af6000,0x0000798a58bf6000) (1024K)]
  0x0000798aa4009150 WorkerThread "GC Thread#3"                     [id=36825, stack(0x0000798a589f5000,0x0000798a58af5000) (1024K)]
  0x0000798aa4009d00 WorkerThread "GC Thread#4"                     [id=36826, stack(0x0000798a588f4000,0x0000798a589f4000) (1024K)]
  0x0000798aa400a8b0 WorkerThread "GC Thread#5"                     [id=36827, stack(0x0000798a587f3000,0x0000798a588f3000) (1024K)]
  0x0000798aa400b460 WorkerThread "GC Thread#6"                     [id=36828, stack(0x0000798a586f2000,0x0000798a587f2000) (1024K)]
  0x0000798aa400c050 WorkerThread "GC Thread#7"                     [id=36829, stack(0x0000798a585f1000,0x0000798a586f1000) (1024K)]
  0x0000798b28067860 ConcurrentGCThread "G1 Main Marker"            [id=36792, stack(0x0000798b2c200000,0x0000798b2c300000) (1024K)]
  0x0000798b28068800 WorkerThread "G1 Conc#0"                       [id=36793, stack(0x0000798b2c0ff000,0x0000798b2c1ff000) (1024K)]
  0x0000798b00000d00 WorkerThread "G1 Conc#1"                       [id=36964, stack(0x0000798a1c0ff000,0x0000798a1c1ff000) (1024K)]
  0x0000798b280face0 ConcurrentGCThread "G1 Refine#0"               [id=36794, stack(0x0000798afdafc000,0x0000798afdbfc000) (1024K)]
  0x0000798b280fbca0 ConcurrentGCThread "G1 Service"                [id=36795, stack(0x0000798afd9fb000,0x0000798afdafb000) (1024K)]
Total: 15

Threads with active compile tasks:
Total: 0

VM state: not at safepoint (normal execution)

VM Mutex/Monitor currently owned by a thread: None

Heap address: 0x0000000615400000, size: 7852 MB, Compressed Oops mode: Zero based, Oop shift amount: 3

CDS archive(s) mapped at: [0x0000798aaf000000-0x0000798aafbbb000-0x0000798aafbbb000), size 12300288, SharedBaseAddress: 0x0000798aaf000000, ArchiveRelocationMode: 1.
Compressed class space mapped at: 0x0000798ab0000000-0x0000798af0000000, reserved size: 1073741824
Narrow klass base: 0x0000798aaf000000, Narrow klass shift: 0, Narrow klass range: 0x100000000

GC Precious Log:
 CardTable entry size: 512
 Card Set container configuration: InlinePtr #cards 4 size 8 Array Of Cards #cards 32 size 80 Howl #buckets 8 coarsen threshold 7372 Howl Bitmap #cards 1024 size 144 coarsen threshold 921 Card regions per heap region 1 cards per card region 8192
 CPUs: 8 total, 8 available
 Memory: 31392M
 Large Page Support: Disabled
 NUMA Support: Disabled
 Compressed Oops: Enabled (Zero based)
 Heap Region Size: 4M
 Heap Min Capacity: 8M
 Heap Initial Capacity: 492M
 Heap Max Capacity: 7852M
 Pre-touch: Disabled
 Parallel Workers: 8
 Concurrent Workers: 2
 Concurrent Refinement Workers: 8
 Periodic GC: Disabled

Heap:
 garbage-first heap   total 528384K, used 334674K [0x0000000615400000, 0x0000000800000000)
  region size 4096K, 9 young (36864K), 3 survivors (12288K)
 Metaspace       used 26047K, committed 26560K, reserved 1114112K
  class space    used 3472K, committed 3712K, reserved 1048576K

Heap Regions: E=young(eden), S=young(survivor), O=old, HS=humongous(starts), HC=humongous(continues), CS=collection set, F=free, TAMS=top-at-mark-start, PB=parsable bottom
|   0|0x0000000615400000, 0x0000000615400000, 0x0000000615800000|  0%| F|  |TAMS 0x0000000615400000| PB 0x0000000615400000| Untracked 
|   1|0x0000000615800000, 0x0000000615800000, 0x0000000615c00000|  0%| F|  |TAMS 0x0000000615800000| PB 0x0000000615800000| Untracked 
|   2|0x0000000615c00000, 0x0000000615c00000, 0x0000000616000000|  0%| F|  |TAMS 0x0000000615c00000| PB 0x0000000615c00000| Untracked 
|   3|0x0000000616000000, 0x0000000616000000, 0x0000000616400000|  0%| F|  |TAMS 0x0000000616000000| PB 0x0000000616000000| Untracked 
|   4|0x0000000616400000, 0x0000000616400000, 0x0000000616800000|  0%| F|  |TAMS 0x0000000616400000| PB 0x0000000616400000| Untracked 
|   5|0x0000000616800000, 0x0000000616c00000, 0x0000000616c00000|100%|HS|  |TAMS 0x0000000616800000| PB 0x0000000616800000| Complete 
|   6|0x0000000616c00000, 0x0000000617000000, 0x0000000617000000|100%|HC|  |TAMS 0x0000000616c00000| PB 0x0000000616c00000| Complete 
|   7|0x0000000617000000, 0x0000000617400000, 0x0000000617400000|100%|HC|  |TAMS 0x0000000617000000| PB 0x0000000617000000| Complete 
|   8|0x0000000617400000, 0x0000000617800000, 0x0000000617800000|100%|HS|  |TAMS 0x0000000617400000| PB 0x0000000617400000| Complete 
|   9|0x0000000617800000, 0x0000000617c00000, 0x0000000617c00000|100%|HC|  |TAMS 0x0000000617800000| PB 0x0000000617800000| Complete 
|  10|0x0000000617c00000, 0x0000000618000000, 0x0000000618000000|100%|HC|  |TAMS 0x0000000617c00000| PB 0x0000000617c00000| Complete 
|  11|0x0000000618000000, 0x0000000618400000, 0x0000000618400000|100%|HC|  |TAMS 0x0000000618000000| PB 0x0000000618000000| Complete 
|  12|0x0000000618400000, 0x0000000618800000, 0x0000000618800000|100%|HC|  |TAMS 0x0000000618400000| PB 0x0000000618400000| Complete 
|  13|0x0000000618800000, 0x0000000618c00000, 0x0000000618c00000|100%|HC|  |TAMS 0x0000000618800000| PB 0x0000000618800000| Complete 
|  14|0x0000000618c00000, 0x0000000619000000, 0x0000000619000000|100%|HS|  |TAMS 0x0000000618c00000| PB 0x0000000618c00000| Complete 
|  15|0x0000000619000000, 0x0000000619400000, 0x0000000619400000|100%|HS|  |TAMS 0x0000000619000000| PB 0x0000000619000000| Complete 
|  16|0x0000000619400000, 0x0000000619800000, 0x0000000619800000|100%|HS|  |TAMS 0x0000000619400000| PB 0x0000000619400000| Complete 
|  17|0x0000000619800000, 0x0000000619c00000, 0x0000000619c00000|100%|HS|  |TAMS 0x0000000619800000| PB 0x0000000619800000| Complete 
|  18|0x0000000619c00000, 0x000000061a000000, 0x000000061a000000|100%|HS|  |TAMS 0x0000000619c00000| PB 0x0000000619c00000| Complete 
|  19|0x000000061a000000, 0x000000061a400000, 0x000000061a400000|100%|HS|  |TAMS 0x000000061a000000| PB 0x000000061a000000| Complete 
|  20|0x000000061a400000, 0x000000061a800000, 0x000000061a800000|100%|HC|  |TAMS 0x000000061a400000| PB 0x000000061a400000| Complete 
|  21|0x000000061a800000, 0x000000061ac00000, 0x000000061ac00000|100%|HC|  |TAMS 0x000000061a800000| PB 0x000000061a800000| Complete 
|  22|0x000000061ac00000, 0x000000061b000000, 0x000000061b000000|100%|HC|  |TAMS 0x000000061ac00000| PB 0x000000061ac00000| Complete 
|  23|0x000000061b000000, 0x000000061b400000, 0x000000061b400000|100%|HC|  |TAMS 0x000000061b000000| PB 0x000000061b000000| Complete 
|  24|0x000000061b400000, 0x000000061b800000, 0x000000061b800000|100%|HS|  |TAMS 0x000000061b400000| PB 0x000000061b400000| Complete 
|  25|0x000000061b800000, 0x000000061bc00000, 0x000000061bc00000|100%|HS|  |TAMS 0x000000061b800000| PB 0x000000061b800000| Complete 
|  26|0x000000061bc00000, 0x000000061c000000, 0x000000061c000000|100%|HC|  |TAMS 0x000000061bc00000| PB 0x000000061bc00000| Complete 
|  27|0x000000061c000000, 0x000000061c400000, 0x000000061c400000|100%|HC|  |TAMS 0x000000061c000000| PB 0x000000061c000000| Complete 
|  28|0x000000061c400000, 0x000000061c800000, 0x000000061c800000|100%|HC|  |TAMS 0x000000061c400000| PB 0x000000061c400000| Complete 
|  29|0x000000061c800000, 0x000000061cc00000, 0x000000061cc00000|100%|HC|  |TAMS 0x000000061c800000| PB 0x000000061c800000| Complete 
|  30|0x000000061cc00000, 0x000000061d000000, 0x000000061d000000|100%|HS|  |TAMS 0x000000061cc00000| PB 0x000000061cc00000| Complete 
|  31|0x000000061d000000, 0x000000061d400000, 0x000000061d400000|100%|HC|  |TAMS 0x000000061d000000| PB 0x000000061d000000| Complete 
|  32|0x000000061d400000, 0x000000061d800000, 0x000000061d800000|100%|HC|  |TAMS 0x000000061d400000| PB 0x000000061d400000| Complete 
|  33|0x000000061d800000, 0x000000061dc00000, 0x000000061dc00000|100%|HC|  |TAMS 0x000000061d800000| PB 0x000000061d800000| Complete 
|  34|0x000000061dc00000, 0x000000061e000000, 0x000000061e000000|100%|HC|  |TAMS 0x000000061dc00000| PB 0x000000061dc00000| Complete 
|  35|0x000000061e000000, 0x000000061e400000, 0x000000061e400000|100%|HS|  |TAMS 0x000000061e000000| PB 0x000000061e000000| Complete 
|  36|0x000000061e400000, 0x000000061e800000, 0x000000061e800000|100%|HC|  |TAMS 0x000000061e400000| PB 0x000000061e400000| Complete 
|  37|0x000000061e800000, 0x000000061ec00000, 0x000000061ec00000|100%|HC|  |TAMS 0x000000061e800000| PB 0x000000061e800000| Complete 
|  38|0x000000061ec00000, 0x000000061f000000, 0x000000061f000000|100%|HC|  |TAMS 0x000000061ec00000| PB 0x000000061ec00000| Complete 
|  39|0x000000061f000000, 0x000000061f400000, 0x000000061f400000|100%|HC|  |TAMS 0x000000061f000000| PB 0x000000061f000000| Complete 
|  40|0x000000061f400000, 0x000000061f800000, 0x000000061f800000|100%|HS|  |TAMS 0x000000061f400000| PB 0x000000061f400000| Complete 
|  41|0x000000061f800000, 0x000000061fc00000, 0x000000061fc00000|100%|HC|  |TAMS 0x000000061f800000| PB 0x000000061f800000| Complete 
|  42|0x000000061fc00000, 0x0000000620000000, 0x0000000620000000|100%|HC|  |TAMS 0x000000061fc00000| PB 0x000000061fc00000| Complete 
|  43|0x0000000620000000, 0x0000000620400000, 0x0000000620400000|100%|HC|  |TAMS 0x0000000620000000| PB 0x0000000620000000| Complete 
|  44|0x0000000620400000, 0x0000000620800000, 0x0000000620800000|100%|HC|  |TAMS 0x0000000620400000| PB 0x0000000620400000| Complete 
|  45|0x0000000620800000, 0x0000000620c00000, 0x0000000620c00000|100%|HC|  |TAMS 0x0000000620800000| PB 0x0000000620800000| Complete 
|  46|0x0000000620c00000, 0x0000000621000000, 0x0000000621000000|100%|HS|  |TAMS 0x0000000620c00000| PB 0x0000000620c00000| Complete 
|  47|0x0000000621000000, 0x0000000621400000, 0x0000000621400000|100%|HC|  |TAMS 0x0000000621000000| PB 0x0000000621000000| Complete 
|  48|0x0000000621400000, 0x0000000621800000, 0x0000000621800000|100%|HC|  |TAMS 0x0000000621400000| PB 0x0000000621400000| Complete 
|  49|0x0000000621800000, 0x0000000621c00000, 0x0000000621c00000|100%|HC|  |TAMS 0x0000000621800000| PB 0x0000000621800000| Complete 
|  50|0x0000000621c00000, 0x0000000622000000, 0x0000000622000000|100%|HC|  |TAMS 0x0000000621c00000| PB 0x0000000621c00000| Complete 
|  51|0x0000000622000000, 0x0000000622400000, 0x0000000622400000|100%|HC|  |TAMS 0x0000000622000000| PB 0x0000000622000000| Complete 
|  52|0x0000000622400000, 0x0000000622800000, 0x0000000622800000|100%| O|  |TAMS 0x0000000622400000| PB 0x0000000622400000| Untracked 
|  53|0x0000000622800000, 0x0000000622c00000, 0x0000000622c00000|100%| O|Cm|TAMS 0x0000000622800000| PB 0x0000000622800000| Complete 
|  54|0x0000000622c00000, 0x0000000623000000, 0x0000000623000000|100%| O|  |TAMS 0x0000000622c00000| PB 0x0000000622c00000| Untracked 
|  55|0x0000000623000000, 0x0000000623400000, 0x0000000623400000|100%|HS|  |TAMS 0x0000000623000000| PB 0x0000000623000000| Complete 
|  56|0x0000000623400000, 0x0000000623800000, 0x0000000623800000|100%|HC|  |TAMS 0x0000000623400000| PB 0x0000000623400000| Complete 
|  57|0x0000000623800000, 0x0000000623c00000, 0x0000000623c00000|100%|HC|  |TAMS 0x0000000623800000| PB 0x0000000623800000| Complete 
|  58|0x0000000623c00000, 0x0000000624000000, 0x0000000624000000|100%|HC|  |TAMS 0x0000000623c00000| PB 0x0000000623c00000| Complete 
|  59|0x0000000624000000, 0x0000000624400000, 0x0000000624400000|100%|HC|  |TAMS 0x0000000624000000| PB 0x0000000624000000| Complete 
|  60|0x0000000624400000, 0x0000000624800000, 0x0000000624800000|100%|HC|  |TAMS 0x0000000624400000| PB 0x0000000624400000| Complete 
|  61|0x0000000624800000, 0x0000000624c00000, 0x0000000624c00000|100%|HS|  |TAMS 0x0000000624800000| PB 0x0000000624800000| Complete 
|  62|0x0000000624c00000, 0x0000000625000000, 0x0000000625000000|100%|HC|  |TAMS 0x0000000624c00000| PB 0x0000000624c00000| Complete 
|  63|0x0000000625000000, 0x0000000625400000, 0x0000000625400000|100%|HC|  |TAMS 0x0000000625000000| PB 0x0000000625000000| Complete 
|  64|0x0000000625400000, 0x0000000625800000, 0x0000000625800000|100%|HC|  |TAMS 0x0000000625400000| PB 0x0000000625400000| Complete 
|  65|0x0000000625800000, 0x0000000625c00000, 0x0000000625c00000|100%|HC|  |TAMS 0x0000000625800000| PB 0x0000000625800000| Complete 
|  66|0x0000000625c00000, 0x0000000626000000, 0x0000000626000000|100%|HC|  |TAMS 0x0000000625c00000| PB 0x0000000625c00000| Complete 
|  67|0x0000000626000000, 0x0000000626400000, 0x0000000626400000|100%|HS|  |TAMS 0x0000000626000000| PB 0x0000000626000000| Complete 
|  68|0x0000000626400000, 0x0000000626800000, 0x0000000626800000|100%|HS|  |TAMS 0x0000000626400000| PB 0x0000000626400000| Complete 
|  69|0x0000000626800000, 0x0000000626c00000, 0x0000000626c00000|100%|HS|  |TAMS 0x0000000626800000| PB 0x0000000626800000| Complete 
|  70|0x0000000626c00000, 0x0000000627000000, 0x0000000627000000|100%|HS|  |TAMS 0x0000000626c00000| PB 0x0000000626c00000| Complete 
|  71|0x0000000627000000, 0x0000000627400000, 0x0000000627400000|100%|HS|  |TAMS 0x0000000627000000| PB 0x0000000627000000| Complete 
|  72|0x0000000627400000, 0x0000000627800000, 0x0000000627800000|100%|HS|  |TAMS 0x0000000627400000| PB 0x0000000627400000| Complete 
|  73|0x0000000627800000, 0x0000000627c00000, 0x0000000627c00000|100%|HS|  |TAMS 0x0000000627800000| PB 0x0000000627800000| Complete 
|  74|0x0000000627c00000, 0x0000000628000000, 0x0000000628000000|100%|HS|  |TAMS 0x0000000627c00000| PB 0x0000000627c00000| Complete 
|  75|0x0000000628000000, 0x0000000628400000, 0x0000000628400000|100%| O|  |TAMS 0x0000000628000000| PB 0x0000000628000000| Untracked 
|  76|0x0000000628400000, 0x0000000628800000, 0x0000000628800000|100%| O|  |TAMS 0x0000000628400000| PB 0x0000000628400000| Untracked 
|  77|0x0000000628800000, 0x0000000628c00000, 0x0000000628c00000|100%| O|  |TAMS 0x0000000628800000| PB 0x0000000628800000| Untracked 
|  78|0x0000000628c00000, 0x0000000628f73178, 0x0000000629000000| 86%| O|  |TAMS 0x0000000628c00000| PB 0x0000000628c00000| Untracked 
|  79|0x0000000629000000, 0x0000000629000000, 0x0000000629400000|  0%| F|  |TAMS 0x0000000629000000| PB 0x0000000629000000| Untracked 
|  80|0x0000000629400000, 0x0000000629400000, 0x0000000629800000|  0%| F|  |TAMS 0x0000000629400000| PB 0x0000000629400000| Untracked 
|  81|0x0000000629800000, 0x0000000629800000, 0x0000000629c00000|  0%| F|  |TAMS 0x0000000629800000| PB 0x0000000629800000| Untracked 
|  82|0x0000000629c00000, 0x0000000629c00000, 0x000000062a000000|  0%| F|  |TAMS 0x0000000629c00000| PB 0x0000000629c00000| Untracked 
|  83|0x000000062a000000, 0x000000062a000000, 0x000000062a400000|  0%| F|  |TAMS 0x000000062a000000| PB 0x000000062a000000| Untracked 
|  84|0x000000062a400000, 0x000000062a400000, 0x000000062a800000|  0%| F|  |TAMS 0x000000062a400000| PB 0x000000062a400000| Untracked 
|  85|0x000000062a800000, 0x000000062a800000, 0x000000062ac00000|  0%| F|  |TAMS 0x000000062a800000| PB 0x000000062a800000| Untracked 
|  86|0x000000062ac00000, 0x000000062ac00000, 0x000000062b000000|  0%| F|  |TAMS 0x000000062ac00000| PB 0x000000062ac00000| Untracked 
|  87|0x000000062b000000, 0x000000062b000000, 0x000000062b400000|  0%| F|  |TAMS 0x000000062b000000| PB 0x000000062b000000| Untracked 
|  88|0x000000062b400000, 0x000000062b400000, 0x000000062b800000|  0%| F|  |TAMS 0x000000062b400000| PB 0x000000062b400000| Untracked 
|  89|0x000000062b800000, 0x000000062b800000, 0x000000062bc00000|  0%| F|  |TAMS 0x000000062b800000| PB 0x000000062b800000| Untracked 
|  90|0x000000062bc00000, 0x000000062bc00000, 0x000000062c000000|  0%| F|  |TAMS 0x000000062bc00000| PB 0x000000062bc00000| Untracked 
|  91|0x000000062c000000, 0x000000062c000000, 0x000000062c400000|  0%| F|  |TAMS 0x000000062c000000| PB 0x000000062c000000| Untracked 
|  92|0x000000062c400000, 0x000000062c400000, 0x000000062c800000|  0%| F|  |TAMS 0x000000062c400000| PB 0x000000062c400000| Untracked 
|  93|0x000000062c800000, 0x000000062c800000, 0x000000062cc00000|  0%| F|  |TAMS 0x000000062c800000| PB 0x000000062c800000| Untracked 
|  94|0x000000062cc00000, 0x000000062cc00000, 0x000000062d000000|  0%| F|  |TAMS 0x000000062cc00000| PB 0x000000062cc00000| Untracked 
|  95|0x000000062d000000, 0x000000062d000000, 0x000000062d400000|  0%| F|  |TAMS 0x000000062d000000| PB 0x000000062d000000| Untracked 
|  96|0x000000062d400000, 0x000000062d400000, 0x000000062d800000|  0%| F|  |TAMS 0x000000062d400000| PB 0x000000062d400000| Untracked 
|  97|0x000000062d800000, 0x000000062d800000, 0x000000062dc00000|  0%| F|  |TAMS 0x000000062d800000| PB 0x000000062d800000| Untracked 
|  98|0x000000062dc00000, 0x000000062dc00000, 0x000000062e000000|  0%| F|  |TAMS 0x000000062dc00000| PB 0x000000062dc00000| Untracked 
|  99|0x000000062e000000, 0x000000062e000000, 0x000000062e400000|  0%| F|  |TAMS 0x000000062e000000| PB 0x000000062e000000| Untracked 
| 100|0x000000062e400000, 0x000000062e400000, 0x000000062e800000|  0%| F|  |TAMS 0x000000062e400000| PB 0x000000062e400000| Untracked 
| 101|0x000000062e800000, 0x000000062e800000, 0x000000062ec00000|  0%| F|  |TAMS 0x000000062e800000| PB 0x000000062e800000| Untracked 
| 102|0x000000062ec00000, 0x000000062ec00000, 0x000000062f000000|  0%| F|  |TAMS 0x000000062ec00000| PB 0x000000062ec00000| Untracked 
| 103|0x000000062f000000, 0x000000062f000000, 0x000000062f400000|  0%| F|  |TAMS 0x000000062f000000| PB 0x000000062f000000| Untracked 
| 104|0x000000062f400000, 0x000000062f400000, 0x000000062f800000|  0%| F|  |TAMS 0x000000062f400000| PB 0x000000062f400000| Untracked 
| 105|0x000000062f800000, 0x000000062f800000, 0x000000062fc00000|  0%| F|  |TAMS 0x000000062f800000| PB 0x000000062f800000| Untracked 
| 106|0x000000062fc00000, 0x000000062fc00000, 0x0000000630000000|  0%| F|  |TAMS 0x000000062fc00000| PB 0x000000062fc00000| Untracked 
| 107|0x0000000630000000, 0x0000000630000000, 0x0000000630400000|  0%| F|  |TAMS 0x0000000630000000| PB 0x0000000630000000| Untracked 
| 108|0x0000000630400000, 0x0000000630400000, 0x0000000630800000|  0%| F|  |TAMS 0x0000000630400000| PB 0x0000000630400000| Untracked 
| 109|0x0000000630800000, 0x0000000630800000, 0x0000000630c00000|  0%| F|  |TAMS 0x0000000630800000| PB 0x0000000630800000| Untracked 
| 110|0x0000000630c00000, 0x0000000630c00000, 0x0000000631000000|  0%| F|  |TAMS 0x0000000630c00000| PB 0x0000000630c00000| Untracked 
| 111|0x0000000631000000, 0x0000000631000000, 0x0000000631400000|  0%| F|  |TAMS 0x0000000631000000| PB 0x0000000631000000| Untracked 
| 112|0x0000000631400000, 0x0000000631400000, 0x0000000631800000|  0%| F|  |TAMS 0x0000000631400000| PB 0x0000000631400000| Untracked 
| 113|0x0000000631800000, 0x0000000631800000, 0x0000000631c00000|  0%| F|  |TAMS 0x0000000631800000| PB 0x0000000631800000| Untracked 
| 114|0x0000000631c00000, 0x0000000631f618b0, 0x0000000632000000| 84%| S|CS|TAMS 0x0000000631c00000| PB 0x0000000631c00000| Complete 
| 115|0x0000000632000000, 0x0000000632400000, 0x0000000632400000|100%| S|CS|TAMS 0x0000000632000000| PB 0x0000000632000000| Complete 
| 116|0x0000000632400000, 0x0000000632800000, 0x0000000632800000|100%| S|CS|TAMS 0x0000000632400000| PB 0x0000000632400000| Complete 
| 117|0x0000000632800000, 0x0000000632800000, 0x0000000632c00000|  0%| F|  |TAMS 0x0000000632800000| PB 0x0000000632800000| Untracked 
| 118|0x0000000632c00000, 0x0000000632c00000, 0x0000000633000000|  0%| F|  |TAMS 0x0000000632c00000| PB 0x0000000632c00000| Untracked 
| 119|0x0000000633000000, 0x0000000633000000, 0x0000000633400000|  0%| F|  |TAMS 0x0000000633000000| PB 0x0000000633000000| Untracked 
| 120|0x0000000633400000, 0x0000000633400000, 0x0000000633800000|  0%| F|  |TAMS 0x0000000633400000| PB 0x0000000633400000| Untracked 
| 121|0x0000000633800000, 0x0000000633800000, 0x0000000633c00000|  0%| F|  |TAMS 0x0000000633800000| PB 0x0000000633800000| Untracked 
| 122|0x0000000633c00000, 0x0000000634000000, 0x0000000634000000|100%| E|CS|TAMS 0x0000000633c00000| PB 0x0000000633c00000| Complete 
| 123|0x0000000634000000, 0x0000000634000000, 0x0000000634400000|  0%| F|  |TAMS 0x0000000634000000| PB 0x0000000634000000| Untracked 
| 124|0x0000000634400000, 0x00000006345decf8, 0x0000000634800000| 46%| E|  |TAMS 0x0000000634400000| PB 0x0000000634400000| Complete 
| 125|0x0000000634800000, 0x0000000634c00000, 0x0000000634c00000|100%| E|CS|TAMS 0x0000000634800000| PB 0x0000000634800000| Complete 
| 126|0x0000000634c00000, 0x0000000635000000, 0x0000000635000000|100%| E|CS|TAMS 0x0000000634c00000| PB 0x0000000634c00000| Complete 
| 127|0x0000000635000000, 0x0000000635400000, 0x0000000635400000|100%| E|CS|TAMS 0x0000000635000000| PB 0x0000000635000000| Complete 
|1962|0x00000007ffc00000, 0x0000000800000000, 0x0000000800000000|100%| E|CS|TAMS 0x00000007ffc00000| PB 0x00000007ffc00000| Complete 

Card table byte_map: [0x0000798b13f54000,0x0000798b14eaa000] _byte_map_base: 0x0000798b10eaa000

Marking Bits: (CMBitMap*) 0x0000798b28057820
 Bits: [0x0000798b0c4a4000, 0x0000798b13f54000)

Polling page: 0x0000798b2e95c000

Metaspace:

Usage:
  Non-class:     22.05 MB used.
      Class:      3.39 MB used.
       Both:     25.44 MB used.

Virtual space:
  Non-class space:       64.00 MB reserved,      22.31 MB ( 35%) committed,  1 nodes.
      Class space:        1.00 GB reserved,       3.62 MB ( <1%) committed,  1 nodes.
             Both:        1.06 GB reserved,      25.94 MB (  2%) committed. 

Chunk freelists:
   Non-Class:  9.70 MB
       Class:  12.42 MB
        Both:  22.12 MB

MaxMetaspaceSize: unlimited
CompressedClassSpaceSize: 1.00 GB
Initial GC threshold: 21.00 MB
Current GC threshold: 42.75 MB
CDS: on
 - commit_granule_bytes: 65536.
 - commit_granule_words: 8192.
 - virtual_space_node_default_size: 8388608.
 - enlarge_chunks_in_place: 1.
 - use_allocation_guard: 0.


Internal statistics:

num_allocs_failed_limit: 9.
num_arena_births: 638.
num_arena_deaths: 0.
num_vsnodes_births: 2.
num_vsnodes_deaths: 0.
num_space_committed: 415.
num_space_uncommitted: 0.
num_chunks_returned_to_freelist: 9.
num_chunks_taken_from_freelist: 1418.
num_chunk_merges: 3.
num_chunk_splits: 946.
num_chunks_enlarged: 614.
num_inconsistent_stats: 0.

CodeHeap 'non-profiled nmethods': size=120028Kb used=2715Kb max_used=2759Kb free=117312Kb
 bounds [0x0000798b1d8c9000, 0x0000798b1db89000, 0x0000798b24e00000]
CodeHeap 'profiled nmethods': size=120028Kb used=10627Kb max_used=10814Kb free=109400Kb
 bounds [0x0000798b15e00000, 0x0000798b16890000, 0x0000798b1d337000]
CodeHeap 'non-nmethods': size=5704Kb used=1860Kb max_used=1921Kb free=3843Kb
 bounds [0x0000798b1d337000, 0x0000798b1d5a7000, 0x0000798b1d8c9000]
CodeCache: size=245760Kb, used=15202Kb, max_used=15494Kb, free=230555Kb
 total_blobs=6335, nmethods=5450, adapters=788, full_count=0
Compilation: enabled, stopped_count=0, restarted_count=0

Compilation events (20 events):
Event: 69.391 Thread 0x0000798b28131370 nmethod 5807 0x0000798b161c5290 code [0x0000798b161c54a0, 0x0000798b161c5a28]
Event: 69.391 Thread 0x0000798b28131370 5808       3       jdk.internal.net.http.hpack.IntegerReader::reset (12 bytes)
Event: 69.391 Thread 0x0000798b28131370 nmethod 5808 0x0000798b1623c210 code [0x0000798b1623c3a0, 0x0000798b1623c4b8]
Event: 69.391 Thread 0x0000798b28131370 5811       3       jdk.internal.net.http.hpack.QuickHuffman$Reader::read (328 bytes)
Event: 69.391 Thread 0x0000798b2812fcb0 nmethod 5809 0x0000798b1d9cd190 code [0x0000798b1d9cd300, 0x0000798b1d9cd3b0]
Event: 69.391 Thread 0x0000798b2812fcb0 5810       4       java.lang.StringBuilder::append (6 bytes)
Event: 69.392 Thread 0x0000798b28131370 nmethod 5811 0x0000798b161c3690 code [0x0000798b161c39c0, 0x0000798b161c4d68]
Event: 69.392 Thread 0x0000798b28131370 5812       3       jdk.internal.net.http.HttpClientImpl$SelectorManager$$Lambda/0x0000798ab0309210::<init> (10 bytes)
Event: 69.392 Thread 0x0000798b28131370 nmethod 5812 0x0000798b161c3290 code [0x0000798b161c3420, 0x0000798b161c35d8]
Event: 69.393 Thread 0x0000798b28131370 5813   !   3       sun.nio.ch.EPollSelectorImpl::wakeup (51 bytes)
Event: 69.393 Thread 0x0000798b28131370 nmethod 5813 0x0000798b161c2a10 code [0x0000798b161c2be0, 0x0000798b161c2fe8]
Event: 69.393 Thread 0x0000798b28131370 5814       3       java.util.concurrent.ConcurrentLinkedDeque::first (65 bytes)
Event: 69.394 Thread 0x0000798b28131370 nmethod 5814 0x0000798b16176d10 code [0x0000798b16176fc0, 0x0000798b16177d18]
Event: 69.394 Thread 0x0000798b28131370 5815       3       java.nio.HeapByteBuffer::put (64 bytes)
Event: 69.394 Thread 0x0000798a84bfdeb0 nmethod 5800 0x0000798b1da10b10 code [0x0000798b1da10cc0, 0x0000798b1da11150]
Event: 69.395 Thread 0x0000798b2812fcb0 nmethod 5810 0x0000798b1d9f9b90 code [0x0000798b1d9f9d60, 0x0000798b1d9fa0b0]
Event: 69.395 Thread 0x0000798b28131370 nmethod 5815 0x0000798b16175c90 code [0x0000798b16175ee0, 0x0000798b16176938]
Event: 69.395 Thread 0x0000798b28131370 5816       3       jdk.internal.net.http.frame.FramesDecoder::getInt (62 bytes)
Event: 69.396 Thread 0x0000798b28131370 nmethod 5816 0x0000798b16174e10 code [0x0000798b16175080, 0x0000798b161759b0]
Event: 69.396 Thread 0x0000798b28131370 5818       3       java.util.TreeMap::computeIfAbsent (252 bytes)

GC Heap History (10 events):
Event: 0.685 GC heap before
{Heap before GC invocations=0 (full 0):
 garbage-first heap   total 507904K, used 21546K [0x0000000615400000, 0x0000000800000000)
  region size 4096K, 6 young (24576K), 0 survivors (0K)
 Metaspace       used 5309K, committed 5568K, reserved 1114112K
  class space    used 677K, committed 832K, reserved 1048576K
}
Event: 0.689 GC heap after
{Heap after GC invocations=1 (full 0):
 garbage-first heap   total 507904K, used 3058K [0x0000000615400000, 0x0000000800000000)
  region size 4096K, 1 young (4096K), 1 survivors (4096K)
 Metaspace       used 5309K, committed 5568K, reserved 1114112K
  class space    used 677K, committed 832K, reserved 1048576K
}
Event: 28.332 GC heap before
{Heap before GC invocations=1 (full 0):
 garbage-first heap   total 507904K, used 269298K [0x0000000615400000, 0x0000000800000000)
  region size 4096K, 16 young (65536K), 1 survivors (4096K)
 Metaspace       used 14927K, committed 15296K, reserved 1114112K
  class space    used 2130K, committed 2304K, reserved 1048576K
}
Event: 28.342 GC heap after
{Heap after GC invocations=2 (full 0):
 garbage-first heap   total 507904K, used 238490K [0x0000000615400000, 0x0000000800000000)
  region size 4096K, 3 young (12288K), 3 survivors (12288K)
 Metaspace       used 14927K, committed 15296K, reserved 1114112K
  class space    used 2130K, committed 2304K, reserved 1048576K
}
Event: 68.473 GC heap before
{Heap before GC invocations=3 (full 0):
 garbage-first heap   total 507904K, used 365466K [0x0000000615400000, 0x0000000800000000)
  region size 4096K, 16 young (65536K), 3 survivors (12288K)
 Metaspace       used 25140K, committed 25536K, reserved 1114112K
  class space    used 3401K, committed 3584K, reserved 1048576K
}
Event: 68.499 GC heap after
{Heap after GC invocations=4 (full 0):
 garbage-first heap   total 507904K, used 327733K [0x0000000615400000, 0x0000000800000000)
  region size 4096K, 2 young (8192K), 2 survivors (8192K)
 Metaspace       used 25140K, committed 25536K, reserved 1114112K
  class space    used 3401K, committed 3584K, reserved 1048576K
}
Event: 68.713 GC heap before
{Heap before GC invocations=4 (full 0):
 garbage-first heap   total 507904K, used 340021K [0x0000000615400000, 0x0000000800000000)
  region size 4096K, 6 young (24576K), 2 survivors (8192K)
 Metaspace       used 25433K, committed 25856K, reserved 1114112K
  class space    used 3443K, committed 3648K, reserved 1048576K
}
Event: 68.726 GC heap after
{Heap after GC invocations=5 (full 0):
 garbage-first heap   total 507904K, used 328719K [0x0000000615400000, 0x0000000800000000)
  region size 4096K, 2 young (8192K), 2 survivors (8192K)
 Metaspace       used 25433K, committed 25856K, reserved 1114112K
  class space    used 3443K, committed 3648K, reserved 1048576K
}
Event: 68.902 GC heap before
{Heap before GC invocations=5 (full 0):
 garbage-first heap   total 507904K, used 345103K [0x0000000615400000, 0x0000000800000000)
  region size 4096K, 7 young (28672K), 2 survivors (8192K)
 Metaspace       used 25713K, committed 26176K, reserved 1114112K
  class space    used 3448K, committed 3648K, reserved 1048576K
}
Event: 68.908 GC heap after
{Heap after GC invocations=6 (full 0):
 garbage-first heap   total 507904K, used 334674K [0x0000000615400000, 0x0000000800000000)
  region size 4096K, 3 young (12288K), 3 survivors (12288K)
 Metaspace       used 25713K, committed 26176K, reserved 1114112K
  class space    used 3448K, committed 3648K, reserved 1048576K
}

Dll operation events (15 events):
Event: 0.003 Loaded shared library /home/adam/.vscode/extensions/redhat.java-1.54.0-linux-x64/jre/21.0.10-linux-x86_64/lib/libjava.so
Event: 0.039 Loaded shared library /home/adam/.vscode/extensions/redhat.java-1.54.0-linux-x64/jre/21.0.10-linux-x86_64/lib/libnio.so
Event: 0.068 Loaded shared library /home/adam/.vscode/extensions/redhat.java-1.54.0-linux-x64/jre/21.0.10-linux-x86_64/lib/libzip.so
Event: 0.071 Loaded shared library /home/adam/.vscode/extensions/redhat.java-1.54.0-linux-x64/jre/21.0.10-linux-x86_64/lib/libnet.so
Event: 0.108 Loaded shared library /home/adam/.vscode/extensions/redhat.java-1.54.0-linux-x64/jre/21.0.10-linux-x86_64/lib/libzip.so
Event: 0.352 Loaded shared library /home/adam/.openjfx/cache/13/libprism_es2.so
Event: 0.424 Loaded shared library /home/adam/.openjfx/cache/13/libprism_sw.so
Event: 0.440 Loaded shared library /home/adam/.openjfx/cache/13/libglass.so
Event: 0.464 Loaded shared library /home/adam/.openjfx/cache/13/libglassgtk3.so
Event: 0.733 Loaded shared library /home/adam/.openjfx/cache/13/libjavafx_font.so
Event: 0.836 Loaded shared library /home/adam/.vscode/extensions/redhat.java-1.54.0-linux-x64/jre/21.0.10-linux-x86_64/lib/libjimage.so
Event: 0.855 Loaded shared library /home/adam/.openjfx/cache/13/libjavafx_font_freetype.so
Event: 1.202 Loaded shared library /home/adam/.openjfx/cache/13/libjavafx_font_pango.so
Event: 8.770 Loaded shared library /home/adam/.openjfx/cache/13/libdecora_sse.so
Event: 67.376 Loaded shared library /home/adam/.openjfx/cache/13/libjfxwebkit.so

Deoptimization events (20 events):
Event: 69.349 Thread 0x0000798998006bb0 Uncommon trap: trap_request=0xffffffc6 fr.pc=0x0000798b1d964a0c relative=0x000000000000014c
Event: 69.349 Thread 0x0000798998006bb0 Uncommon trap: reason=bimorphic_or_optimized_type_check action=maybe_recompile pc=0x0000798b1d964a0c method=java.util.Collections$UnmodifiableList.get(I)Ljava/lang/Object; @ 5 c2
Event: 69.349 Thread 0x0000798998006bb0 DEOPT PACKING pc=0x0000798b1d964a0c sp=0x0000798a129fdcd0
Event: 69.349 Thread 0x0000798998006bb0 DEOPT UNPACKING pc=0x0000798b1d38af99 sp=0x0000798a129fdc88 mode 2
Event: 69.356 Thread 0x0000798a4885cf30 Uncommon trap: trap_request=0xffffff45 fr.pc=0x0000798b1db631c0 relative=0x0000000000000280
Event: 69.356 Thread 0x0000798a4885cf30 Uncommon trap: reason=unstable_if action=reinterpret pc=0x0000798b1db631c0 method=com.sun.crypto.provider.CounterMode.increment([B)V @ 18 c2
Event: 69.356 Thread 0x0000798a4885cf30 DEOPT PACKING pc=0x0000798b1db631c0 sp=0x0000798a11cfc420
Event: 69.356 Thread 0x0000798a4885cf30 DEOPT UNPACKING pc=0x0000798b1d38af99 sp=0x0000798a11cfc370 mode 2
Event: 69.356 Thread 0x0000798a4885cf30 Uncommon trap: trap_request=0xffffff45 fr.pc=0x0000798b1db65650 relative=0x00000000000000b0
Event: 69.356 Thread 0x0000798a4885cf30 Uncommon trap: reason=unstable_if action=reinterpret pc=0x0000798b1db65650 method=com.sun.crypto.provider.CounterMode.increment([B)V @ 18 c2
Event: 69.356 Thread 0x0000798a4885cf30 DEOPT PACKING pc=0x0000798b1db65650 sp=0x0000798a11cfc3a0
Event: 69.356 Thread 0x0000798a4885cf30 DEOPT UNPACKING pc=0x0000798b1d38af99 sp=0x0000798a11cfc368 mode 2
Event: 69.380 Thread 0x0000798b28615c50 Uncommon trap: trap_request=0xffffff45 fr.pc=0x0000798b1da116f8 relative=0x00000000000000d8
Event: 69.380 Thread 0x0000798b28615c50 Uncommon trap: reason=unstable_if action=reinterpret pc=0x0000798b1da116f8 method=com.sun.javafx.geom.Path2D.needRoom(ZI)V @ 78 c2
Event: 69.380 Thread 0x0000798b28615c50 DEOPT PACKING pc=0x0000798b1da116f8 sp=0x0000798a5971d390
Event: 69.380 Thread 0x0000798b28615c50 DEOPT UNPACKING pc=0x0000798b1d38af99 sp=0x0000798a5971d328 mode 2
Event: 69.387 Thread 0x0000798a4885cf30 DEOPT PACKING pc=0x0000798b15e309d9 sp=0x0000798a11cfc3f0
Event: 69.387 Thread 0x0000798a4885cf30 DEOPT UNPACKING pc=0x0000798b1d38b72f sp=0x0000798a11cfb8d0 mode 0
Event: 69.390 Thread 0x0000798998013db0 DEOPT PACKING pc=0x0000798b15e309d9 sp=0x0000798a11afc3f0
Event: 69.390 Thread 0x0000798998013db0 DEOPT UNPACKING pc=0x0000798b1d38b72f sp=0x0000798a11afb8d0 mode 0

Classes loaded (20 events):
Event: 68.503 Loading class java/util/zip/CheckedInputStream
Event: 68.503 Loading class java/util/zip/CheckedInputStream done
Event: 68.506 Loading class java/util/concurrent/CompletableFuture$BiApply
Event: 68.507 Loading class java/util/concurrent/CompletableFuture$BiApply done
Event: 68.519 Loading class java/nio/HeapByteBufferR
Event: 68.520 Loading class java/nio/HeapByteBufferR done
Event: 68.575 Loading class java/util/zip/GZIPInputStream$1
Event: 68.575 Loading class java/util/zip/GZIPInputStream$1 done
Event: 68.756 Loading class java/lang/foreign/MemorySegment
Event: 68.757 Loading class java/lang/foreign/MemorySegment done
Event: 68.901 Loading class java/nio/file/TempFileHelper
Event: 68.901 Loading class java/nio/file/TempFileHelper done
Event: 68.901 Loading class sun/nio/fs/LinuxFileSystem$SupportedFileFileAttributeViewsHolder
Event: 68.901 Loading class sun/nio/fs/LinuxFileSystem$SupportedFileFileAttributeViewsHolder done
Event: 68.901 Loading class java/nio/file/TempFileHelper$PosixPermissions
Event: 68.901 Loading class java/nio/file/TempFileHelper$PosixPermissions done
Event: 68.901 Loading class sun/nio/fs/UnixChannelFactory$1
Event: 68.901 Loading class sun/nio/fs/UnixChannelFactory$1 done
Event: 69.395 Loading class java/lang/IllegalAccessError
Event: 69.395 Loading class java/lang/IllegalAccessError done

Classes unloaded (0 events):
No events

Classes redefined (0 events):
No events

Internal exceptions (20 events):
Event: 67.781 Thread 0x0000798b28290060 Exception <a 'java/lang/NoSuchMethodError'{0x0000000633ba7c18}: 'boolean com.sun.prism.ResourceFactory.isDisposed()'> (0x0000000633ba7c18) 
thrown [src/hotspot/share/interpreter/linkResolver.cpp, line 869]
Event: 67.806 Thread 0x0000798a487a6070 Exception <a 'java/lang/NoSuchMethodError'{0x00000006327d2de8}: 'void java.lang.invoke.DirectMethodHandle$Holder.invokeStatic(java.lang.Object, java.lang.Object, int)'> (0x00000006327d2de8) 
thrown [src/hotspot/share/interpreter/linkResolver.cpp, line 772]
Event: 67.812 Thread 0x0000798a487c5b30 Exception <a 'java/lang/NoSuchMethodError'{0x0000000631c69368}: 'void java.lang.invoke.DirectMethodHandle$Holder.invokeInterface(java.lang.Object, java.lang.Object, java.lang.Object)'> (0x0000000631c69368) 
thrown [src/hotspot/share/interpreter/linkResolver.cpp, line 772]
Event: 68.002 Thread 0x0000798a487c5b30 Exception <a 'java/lang/NoSuchMethodError'{0x0000000631ea3bb8}: 'void java.lang.invoke.DirectMethodHandle$Holder.invokeInterface(java.lang.Object, java.lang.Object)'> (0x0000000631ea3bb8) 
thrown [src/hotspot/share/interpreter/linkResolver.cpp, line 772]
Event: 68.129 Thread 0x0000798a487c5b30 Exception <a 'java/lang/NoSuchMethodError'{0x0000000631495ff8}: 'java.lang.Object java.lang.invoke.DirectMethodHandle$Holder.invokeInterface(java.lang.Object, java.lang.Object)'> (0x0000000631495ff8) 
thrown [src/hotspot/share/interpreter/linkResolver.cpp, line 772]
Event: 68.514 Thread 0x0000798b28615c50 Exception <a 'java/lang/NoSuchMethodError'{0x0000000633c357f0}: 'java.lang.Object java.lang.invoke.DirectMethodHandle$Holder.invokeSpecial(java.lang.Object, java.lang.Object, java.lang.Object, int, java.lang.Object)'> (0x0000000633c357f0) 
thrown [src/hotspot/share/interpreter/linkResolver.cpp, line 772]
Event: 68.515 Thread 0x0000798b28615c50 Exception <a 'java/lang/NoSuchMethodError'{0x0000000633c38ca8}: 'java.lang.Object java.lang.invoke.Invokers$Holder.linkToTargetMethod(java.lang.Object, int, java.lang.Object, java.lang.Object)'> (0x0000000633c38ca8) 
thrown [src/hotspot/share/interpreter/linkResolver.cpp, line 772]
Event: 68.524 Thread 0x000079899c0ec4d0 Exception <a 'java/lang/NoSuchMethodError'{0x0000000633feb6a0}: 'java.lang.Object java.lang.invoke.DirectMethodHandle$Holder.newInvokeSpecial(java.lang.Object, java.lang.Object, int, java.lang.Object)'> (0x0000000633feb6a0) 
thrown [src/hotspot/share/interpreter/linkResolver.cpp, line 772]
Event: 68.533 Thread 0x0000798b28290060 Exception <a 'java/lang/NoSuchMethodError'{0x0000000633a0e6e0}: 'boolean com.sun.prism.ResourceFactory.isDisposed()'> (0x0000000633a0e6e0) 
thrown [src/hotspot/share/interpreter/linkResolver.cpp, line 869]
Event: 68.535 Thread 0x000079896c000930 Exception <a 'sun/nio/fs/UnixException'{0x000000063344d5b8}> (0x000000063344d5b8) 
thrown [src/hotspot/share/prims/jni.cpp, line 520]
Event: 68.605 Thread 0x0000798b28290060 Exception <a 'java/lang/NoSuchMethodError'{0x0000000633a170c0}: 'boolean com.sun.prism.ResourceFactory.isDisposed()'> (0x0000000633a170c0) 
thrown [src/hotspot/share/interpreter/linkResolver.cpp, line 869]
Event: 68.652 Thread 0x0000798b28290060 Exception <a 'java/lang/NoSuchMethodError'{0x0000000633a1f798}: 'boolean com.sun.prism.ResourceFactory.isDisposed()'> (0x0000000633a1f798) 
thrown [src/hotspot/share/interpreter/linkResolver.cpp, line 869]
Event: 68.789 Thread 0x0000798b28290060 Exception <a 'java/lang/NoSuchMethodError'{0x0000000633fc63d8}: 'boolean com.sun.prism.ResourceFactory.isDisposed()'> (0x0000000633fc63d8) 
thrown [src/hotspot/share/interpreter/linkResolver.cpp, line 869]
Event: 69.050 Thread 0x0000798b28290060 Exception <a 'java/lang/NoSuchMethodError'{0x0000000634c00e88}: 'boolean com.sun.prism.ResourceFactory.isDisposed()'> (0x0000000634c00e88) 
thrown [src/hotspot/share/interpreter/linkResolver.cpp, line 869]
Event: 69.342 Thread 0x0000798998013db0 Implicit null exception at 0x0000798b1d9e9a19 to 0x0000798b1d9e9ac0
Event: 69.345 Thread 0x0000798998013db0 Exception <a 'java/lang/NoSuchMethodError'{0x000000063480f650}: 'java.lang.Object java.lang.invoke.DirectMethodHandle$Holder.newInvokeSpecial(java.lang.Object, java.lang.Object, long, long)'> (0x000000063480f650) 
thrown [src/hotspot/share/interpreter/linkResolver.cpp, line 772]
Event: 69.346 Thread 0x0000798998013db0 Exception <a 'java/lang/NoSuchMethodError'{0x0000000634813488}: 'java.lang.Object java.lang.invoke.DirectMethodHandle$Holder.invokeSpecial(java.lang.Object, java.lang.Object, java.lang.Object, long, long)'> (0x0000000634813488) 
thrown [src/hotspot/share/interpreter/linkResolver.cpp, line 772]
Event: 69.346 Thread 0x0000798998013db0 Exception <a 'java/lang/NoSuchMethodError'{0x0000000634816d30}: 'java.lang.Object java.lang.invoke.Invokers$Holder.linkToTargetMethod(java.lang.Object, long, long, java.lang.Object)'> (0x0000000634816d30) 
thrown [src/hotspot/share/interpreter/linkResolver.cpp, line 772]
Event: 69.396 Thread 0x0000798b28615c50 Exception <a 'java/lang/IllegalAccessError'{0x00000007ffc82678}: class com.sun.media.jfxmediaimpl.NativeMediaManager (in module javafx.media) cannot access class com.sun.javafx.PlatformUtil (in module javafx.base) because module javafx.base does not export com.sun.javafx to module javafx.media> (0x00000007ffc82678) 
thrown [src/hotspot/share/interpreter/linkResolver.cpp, line 311]
Event: 69.396 Thread 0x0000798b28615c50 Exception <a 'java/lang/IllegalAccessError'{0x00000007ffc82678}> (0x00000007ffc82678) 
thrown [src/hotspot/share/oops/instanceKlass.cpp, line 1220]

ZGC Phase Switch (0 events):
No events

VM Operations (20 events):
Event: 67.868 Executing safepoint VM operation: ICBufferFull
Event: 67.868 Executing safepoint VM operation: ICBufferFull done
Event: 68.038 Executing non-safepoint VM operation: HandshakeAllThreads (Deoptimize)
Event: 68.038 Executing non-safepoint VM operation: HandshakeAllThreads (Deoptimize) done
Event: 68.039 Executing non-safepoint VM operation: HandshakeAllThreads (Deoptimize)
Event: 68.039 Executing non-safepoint VM operation: HandshakeAllThreads (Deoptimize) done
Event: 68.355 Executing non-safepoint VM operation: HandshakeAllThreads (Deoptimize)
Event: 68.355 Executing non-safepoint VM operation: HandshakeAllThreads (Deoptimize) done
Event: 68.473 Executing safepoint VM operation: CollectForMetadataAllocation (Metadata GC Threshold)
Event: 68.499 Executing safepoint VM operation: CollectForMetadataAllocation (Metadata GC Threshold) done
Event: 68.521 Executing non-safepoint VM operation: HandshakeAllThreads (Deoptimize)
Event: 68.521 Executing non-safepoint VM operation: HandshakeAllThreads (Deoptimize) done
Event: 68.713 Executing safepoint VM operation: CollectForMetadataAllocation (Metadata GC Threshold)
Event: 68.726 Executing safepoint VM operation: CollectForMetadataAllocation (Metadata GC Threshold) done
Event: 68.902 Executing safepoint VM operation: CollectForMetadataAllocation (Metadata GC Threshold)
Event: 68.908 Executing safepoint VM operation: CollectForMetadataAllocation (Metadata GC Threshold) done
Event: 68.923 Executing safepoint VM operation: G1PauseRemark
Event: 68.927 Executing safepoint VM operation: G1PauseRemark done
Event: 68.935 Executing safepoint VM operation: G1PauseCleanup
Event: 68.935 Executing safepoint VM operation: G1PauseCleanup done

Memory protections (20 events):
Event: 0.823 Protecting memory [0x0000798a58100000,0x0000798a58104000] with protection modes 0
Event: 1.088 Protecting memory [0x0000798a58000000,0x0000798a58004000] with protection modes 0
Event: 1.504 Protecting memory [0x0000798afc100000,0x0000798afc104000] with protection modes 0
Event: 8.877 Protecting memory [0x0000798a584f0000,0x0000798a584f4000] with protection modes 0
Event: 67.407 Protecting memory [0x0000798a584f0000,0x0000798a584f4000] with protection modes 0
Event: 67.413 Protecting memory [0x0000798a13300000,0x0000798a13304000] with protection modes 0
Event: 67.413 Protecting memory [0x0000798a13100000,0x0000798a13104000] with protection modes 0
Event: 67.684 Protecting memory [0x0000798a12f00000,0x0000798a12f04000] with protection modes 0
Event: 67.702 Protecting memory [0x0000798a12d00000,0x0000798a12d04000] with protection modes 0
Event: 67.832 Protecting memory [0x0000798a12900000,0x0000798a12904000] with protection modes 0
Event: 68.502 Protecting memory [0x0000798a12700000,0x0000798a12704000] with protection modes 0
Event: 68.504 Protecting memory [0x0000798a11cff000,0x0000798a11d03000] with protection modes 0
Event: 68.534 Protecting memory [0x00007989967fe000,0x0000798996802000] with protection modes 0
Event: 68.572 Protecting memory [0x0000798a11bff000,0x0000798a11c03000] with protection modes 0
Event: 68.600 Protecting memory [0x0000798a11aff000,0x0000798a11b03000] with protection modes 0
Event: 68.604 Protecting memory [0x0000798a119ff000,0x0000798a11a03000] with protection modes 0
Event: 68.778 Protecting memory [0x0000798a118ff000,0x0000798a11903000] with protection modes 0
Event: 68.782 Protecting memory [0x0000798a104fe000,0x0000798a10502000] with protection modes 0
Event: 68.784 Protecting memory [0x0000798a103fe000,0x0000798a10402000] with protection modes 0
Event: 69.361 Protecting memory [0x0000798a13300000,0x0000798a13304000] with protection modes 0

Nmethod flushes (20 events):
Event: 68.926 Thread 0x0000798b2811f4a0 flushing  nmethod 0x0000798b16003e10
Event: 68.926 Thread 0x0000798b2811f4a0 flushing  nmethod 0x0000798b16004210
Event: 68.926 Thread 0x0000798b2811f4a0 flushing  nmethod 0x0000798b16004590
Event: 68.926 Thread 0x0000798b2811f4a0 flushing  nmethod 0x0000798b16004a10
Event: 68.926 Thread 0x0000798b2811f4a0 flushing  nmethod 0x0000798b16005990
Event: 68.926 Thread 0x0000798b2811f4a0 flushing  nmethod 0x0000798b16045110
Event: 68.926 Thread 0x0000798b2811f4a0 flushing  nmethod 0x0000798b160e9710
Event: 68.926 Thread 0x0000798b2811f4a0 flushing  nmethod 0x0000798b160e9a90
Event: 68.926 Thread 0x0000798b2811f4a0 flushing  nmethod 0x0000798b16119490
Event: 68.926 Thread 0x0000798b2811f4a0 flushing  nmethod 0x0000798b16119b90
Event: 68.926 Thread 0x0000798b2811f4a0 flushing  nmethod 0x0000798b1611a310
Event: 68.926 Thread 0x0000798b2811f4a0 flushing  nmethod 0x0000798b1611c990
Event: 68.926 Thread 0x0000798b2811f4a0 flushing  nmethod 0x0000798b1611cd10
Event: 68.926 Thread 0x0000798b2811f4a0 flushing  nmethod 0x0000798b1611dc90
Event: 68.926 Thread 0x0000798b2811f4a0 flushing  nmethod 0x0000798b16152e10
Event: 68.926 Thread 0x0000798b2811f4a0 flushing  nmethod 0x0000798b16153190
Event: 68.926 Thread 0x0000798b2811f4a0 flushing  nmethod 0x0000798b16154f90
Event: 68.926 Thread 0x0000798b2811f4a0 flushing  nmethod 0x0000798b16155710
Event: 68.926 Thread 0x0000798b2811f4a0 flushing  nmethod 0x0000798b16157b10
Event: 68.926 Thread 0x0000798b2811f4a0 flushing  nmethod 0x0000798b1626a510

Events (20 events):
Event: 8.877 Thread 0x0000798b28131370 Thread added: 0x0000798a8406bca0
Event: 9.227 Thread 0x0000798a8406bca0 Thread exited: 0x0000798a8406bca0
Event: 67.407 Thread 0x0000798b28615c50 Thread added: 0x0000798a48133240
Event: 67.412 Thread 0x0000798b2812fcb0 Thread added: 0x0000798a9064dfe0
Event: 67.413 Thread 0x0000798b2812fcb0 Thread added: 0x0000798a9064f3a0
Event: 67.684 Thread 0x0000798b28615c50 Thread added: 0x0000798a487a6070
Event: 67.702 Thread 0x0000798b28615c50 Thread added: 0x0000798a487c5b30
Event: 67.832 Thread 0x0000798a487a6070 Thread added: 0x0000798998006bb0
Event: 68.502 Thread 0x0000798a487c5b30 Thread added: 0x000079899c0ec4d0
Event: 68.504 Thread 0x000079899c0ec4d0 Thread added: 0x0000798974002d30
Event: 68.534 Thread 0x000079896c000930 Thread added: 0x000079896c000930
Event: 68.572 Thread 0x0000798b28615c50 Thread added: 0x0000798a4885cf30
Event: 68.600 Thread 0x0000798b28615c50 Thread added: 0x0000798a4885e0f0
Event: 68.604 Thread 0x0000798a487a6070 Thread added: 0x0000798998013db0
Event: 68.778 Thread 0x000079899c0ec4d0 Thread added: 0x0000798974013750
Event: 68.782 Thread 0x0000798974013750 Thread added: 0x000079895c002be0
Event: 68.784 Thread 0x0000798974002d30 Thread added: 0x000079896800acb0
Event: 69.250 Thread 0x0000798a9064f3a0 Thread exited: 0x0000798a9064f3a0
Event: 69.252 Thread 0x0000798a9064dfe0 Thread exited: 0x0000798a9064dfe0
Event: 69.361 Thread 0x0000798b28131370 Thread added: 0x0000798a84bfdeb0


Dynamic libraries:
615400000-635400000 rw-p 00000000 00:00 0 
635400000-7ffc00000 ---p 00000000 00:00 0 
7ffc00000-7ffd0b000 rw-p 00bf7000 103:02 3942805                         /home/adam/.vscode/extensions/redhat.java-1.54.0-linux-x64/jre/21.0.10-linux-x86_64/lib/server/classes.jsa
7ffd0b000-800000000 rw-p 00000000 00:00 0 
61953c110000-61953c111000 r-xp 00000000 103:02 3942771                   /home/adam/.vscode/extensions/redhat.java-1.54.0-linux-x64/jre/21.0.10-linux-x86_64/bin/java
61953c112000-61953c113000 r--p 00001000 103:02 3942771                   /home/adam/.vscode/extensions/redhat.java-1.54.0-linux-x64/jre/21.0.10-linux-x86_64/bin/java
61953c113000-61953c114000 rw-p 00002000 103:02 3942771                   /home/adam/.vscode/extensions/redhat.java-1.54.0-linux-x64/jre/21.0.10-linux-x86_64/bin/java
619572bdc000-619572c23000 rw-p 00000000 00:00 0                          [heap]
796e00000000-796f00000000 rw-p 00000000 00:00 0 
797000000000-797012b00000 rw-p 00000000 00:00 0 
797012b00000-797012c03000 rw-p 00000000 00:00 0 
797012c03000-797012cfa000 rw-p 00000000 00:00 0 
797012cfa000-797012d05000 rw-p 00000000 00:00 0 
797012d05000-797012de6000 rw-p 00000000 00:00 0 
797012de6000-797012e04000 rw-p 00000000 00:00 0 
797012e04000-797012efc000 rw-p 00000000 00:00 0 
797012efc000-797012f07000 rw-p 00000000 00:00 0 
797012f07000-797012fee000 rw-p 00000000 00:00 0 
797012fee000-797013003000 rw-p 00000000 00:00 0 
797013003000-7970130f3000 rw-p 00000000 00:00 0 
7970130f3000-797013200000 rw-p 00000000 00:00 0 
797013200000-797857800000 rw-p 00000000 00:00 0 
797857800000-797857804000 rw-p 00000000 00:00 0 
797857804000-7978578f8000 rw-p 00000000 00:00 0 
7978578f8000-797857903000 rw-p 00000000 00:00 0 
797857903000-7978579f5000 rw-p 00000000 00:00 0 
7978579f5000-797857a00000 rw-p 00000000 00:00 0 
797857a00000-798000000000 rw-p 00000000 00:00 0 
798000000000-798800000000 ---p 00000000 00:00 0 
79894ba00000-79894bb00000 rw-p 00000000 00:00 0 
79894bc00000-79894bd00000 rw-p 00000000 00:00 0 
79894be00000-79894c300000 rw-p 00000000 00:00 0 
79894c500000-79894c541000 rw-p 00000000 00:00 0 
79894c541000-79894c547000 rw-p 00000000 00:00 0 
79894c547000-79894c900000 rw-p 00000000 00:00 0 
79894ca00000-79894ca03000 rw-p 00000000 00:00 0 
79894ca03000-79894ca9c000 rw-p 00000000 00:00 0 
79894ca9c000-79894cb00000 rw-p 00000000 00:00 0 
79894cb00000-79894cb56000 rw-p 00000000 00:00 0 
79894cb56000-79894cca8000 rw-p 00000000 00:00 0 
79894cca8000-79894cd00000 rw-p 00000000 00:00 0 
79894cf00000-79894d100000 rw-p 00000000 00:00 0 
79894d200000-79894d278000 rw-p 00000000 00:00 0 
79894d278000-79894d283000 rw-p 00000000 00:00 0 
79894d283000-79894d2a4000 rw-p 00000000 00:00 0 
79894d2a4000-79894d2ae000 rw-p 00000000 00:00 0 
79894d2ae000-79894d2f2000 rw-p 00000000 00:00 0 
79894d2f2000-79894d300000 rw-p 00000000 00:00 0 
79894d400000-79894d441000 rw-p 00000000 00:00 0 
79894d441000-79894d500000 rw-p 00000000 00:00 0 
79894d600000-79894d700000 rw-p 00000000 00:00 0 
79894d800000-79894d804000 rw-p 00000000 00:00 0 
79894d804000-79894d898000 rw-p 00000000 00:00 0 
79894d898000-79894d89a000 rw-p 00000000 00:00 0 
79894d89a000-79894d900000 rw-p 00000000 00:00 0 
79894da00000-79894db00000 rw-p 00000000 00:00 0 
79894dc00000-79894dc96000 rw-p 00000000 00:00 0 
79894dc96000-79894dcb8000 rw-p 00000000 00:00 0 
79894dcb8000-79894dcba000 rw-p 00000000 00:00 0 
79894dcba000-79894dd00000 rw-p 00000000 00:00 0 
79894de00000-79894df00000 rw-p 00000000 00:00 0 
79894e000000-79894e100000 rw-p 00000000 00:00 0 
79894e200000-79894e300000 rw-p 00000000 00:00 0 
79894e500000-79894e69c000 rw-p 00000000 00:00 0 
79894e69c000-79894e700000 rw-p 00000000 00:00 0 
79894e7ff000-79894f000000 rw-p 00000000 00:00 0 
79894f000000-79894f00d000 rw-p 00000000 00:00 0 
79894f00d000-79894f040000 rw-p 00000000 00:00 0 
79894f040000-79894f0ae000 rw-p 00000000 00:00 0 
79894f0ae000-79894f0cd000 rw-p 00000000 00:00 0 
79894f0cd000-79894f0ee000 rw-p 00000000 00:00 0 
79894f0ee000-79894f100000 rw-p 00000000 00:00 0 
79894f200000-79894f21e000 rw-p 00000000 00:00 0 
79894f21e000-79894f248000 rw-p 00000000 00:00 0 
79894f248000-79894f289000 rw-p 00000000 00:00 0 
79894f289000-79894f2ca000 rw-p 00000000 00:00 0 
79894f2ca000-79894f300000 rw-p 00000000 00:00 0 
79894f400000-79894f500000 rw-p 00000000 00:00 0 
79894f7ff000-798950000000 rw-p 00000000 00:00 0 
798950000000-798950021000 rw-p 00000000 00:00 0 
798950021000-798954000000 ---p 00000000 00:00 0 
798954000000-798954021000 rw-p 00000000 00:00 0 
798954021000-798958000000 ---p 00000000 00:00 0 
798958000000-798958021000 rw-p 00000000 00:00 0 
798958021000-79895c000000 ---p 00000000 00:00 0 
79895c000000-79895c021000 rw-p 00000000 00:00 0 
79895c021000-798960000000 ---p 00000000 00:00 0 
798960000000-798960021000 rw-p 00000000 00:00 0 
798960021000-798964000000 ---p 00000000 00:00 0 
798964000000-798964021000 rw-p 00000000 00:00 0 
798964021000-798968000000 ---p 00000000 00:00 0 
798968000000-798968021000 rw-p 00000000 00:00 0 
798968021000-79896c000000 ---p 00000000 00:00 0 
79896c000000-79896c021000 rw-p 00000000 00:00 0 
79896c021000-798970000000 ---p 00000000 00:00 0 
798970000000-798970021000 rw-p 00000000 00:00 0 
798970021000-798974000000 ---p 00000000 00:00 0 
798974000000-798974021000 rw-p 00000000 00:00 0 
798974021000-798978000000 ---p 00000000 00:00 0 
798978000000-798978021000 rw-p 00000000 00:00 0 
798978021000-79897c000000 ---p 00000000 00:00 0 
79897c000000-79897c021000 rw-p 00000000 00:00 0 
79897c021000-798980000000 ---p 00000000 00:00 0 
798980000000-798980021000 rw-p 00000000 00:00 0 
798980021000-798984000000 ---p 00000000 00:00 0 
798984000000-798984021000 rw-p 00000000 00:00 0 
798984021000-798988000000 ---p 00000000 00:00 0 
798988000000-798988021000 rw-p 00000000 00:00 0 
798988021000-79898c000000 ---p 00000000 00:00 0 
79898c000000-79898c021000 rw-p 00000000 00:00 0 
79898c021000-798990000000 ---p 00000000 00:00 0 
798990000000-798990021000 rw-p 00000000 00:00 0 
798990021000-798994000000 ---p 00000000 00:00 0 
7989941ff000-798994a00000 rw-p 00000000 00:00 0 
798994a00000-798994a5a000 rw-p 00000000 00:00 0 
798994a5a000-798994a63000 rw-p 00000000 00:00 0 
798994a63000-798994ae7000 rw-p 00000000 00:00 0 
798994ae7000-798994b00000 rw-p 00000000 00:00 0 
798994c00000-798994c0a000 rw-p 00000000 00:00 0 
798994c0a000-798994c14000 rw-p 00000000 00:00 0 
798994c14000-798994c50000 rw-p 00000000 00:00 0 
798994c50000-798994c5a000 rw-p 00000000 00:00 0 
798994c5a000-798994c6d000 rw-p 00000000 00:00 0 
798994c6d000-798994c88000 rw-p 00000000 00:00 0 
798994c88000-798994cb9000 rw-p 00000000 00:00 0 
798994cb9000-798994cdf000 rw-p 00000000 00:00 0 
798994cdf000-798994d00000 rw-p 00000000 00:00 0 
798994e00000-798994f00000 rw-p 00000000 00:00 0 
798995000000-798995100000 rw-p 00000000 00:00 0 
798995200000-79899527a000 rw-p 00000000 00:00 0 
79899527a000-798995294000 rw-p 00000000 00:00 0 
798995294000-7989952a5000 rw-p 00000000 00:00 0 
7989952a5000-798995300000 rw-p 00000000 00:00 0 
7989955ff000-798995e00000 rw-p 00000000 00:00 0 
798995e00000-798995ed6000 rw-p 00000000 00:00 0 
798995ed6000-798995edc000 rw-p 00000000 00:00 0 
798995edc000-798995f00000 rw-p 00000000 00:00 0 
798996000000-798996100000 rw-p 00000000 00:00 0 
798996300000-798996608000 rw-p 00000000 00:00 0 
798996608000-7989966d8000 rw-p 00000000 00:00 0 
7989966d8000-798996700000 rw-p 00000000 00:00 0 
7989967fd000-7989967fe000 rw-p 00000000 00:00 0 
7989967fe000-798996802000 ---p 00000000 00:00 0 
798996802000-798998000000 rw-p 00000000 00:00 0 
798998000000-798998021000 rw-p 00000000 00:00 0 
798998021000-79899c000000 ---p 00000000 00:00 0 
79899c000000-79899c21e000 rw-p 00000000 00:00 0 
79899c21e000-7989a0000000 ---p 00000000 00:00 0 
7989a0000000-7989a0bfe000 rw-p 00000000 00:00 0 
7989a0bfe000-7989a4000000 ---p 00000000 00:00 0 
7989a4000000-7989a4dc0000 rw-p 00000000 00:00 0 
7989a4dc0000-7989a8000000 ---p 00000000 00:00 0 
7989a8000000-7989a8021000 rw-p 00000000 00:00 0 
7989a8021000-7989ac000000 ---p 00000000 00:00 0 
7989ac000000-7989ac021000 rw-p 00000000 00:00 0 
7989ac021000-7989b0000000 ---p 00000000 00:00 0 
7989b0000000-7989b0021000 rw-p 00000000 00:00 0 
7989b0021000-7989b4000000 ---p 00000000 00:00 0 
7989b4200000-7989b4207000 rw-p 00000000 00:00 0 
7989b4207000-7989b4270000 rw-p 00000000 00:00 0 
7989b4270000-7989b4300000 rw-p 00000000 00:00 0 
7989b4400000-7989b4500000 rw-p 00000000 00:00 0 
7989b47fb000-7989b5ffe000 rw-p 00000000 00:00 0 
7989b5ffe000-7989f6000000 rwxp 00000000 00:00 0 
7989f6000000-7989fbd5d000 r-xp 00000000 103:02 3944193                   /home/adam/.openjfx/cache/13/libjfxwebkit.so
7989fbd5d000-7989fbd5e000 ---p 05d5d000 103:02 3944193                   /home/adam/.openjfx/cache/13/libjfxwebkit.so
7989fbd5e000-7989fbf96000 r--p 05d5d000 103:02 3944193                   /home/adam/.openjfx/cache/13/libjfxwebkit.so
7989fbf96000-7989fbfb1000 rw-p 05f95000 103:02 3944193                   /home/adam/.openjfx/cache/13/libjfxwebkit.so
7989fbfb1000-7989fbfd6000 rw-p 00000000 00:00 0 
7989fbfd6000-7989fbfda000 r--p 00000000 00:00 0 
7989fbfda000-7989fbfe0000 rw-p 00000000 00:00 0 
7989fc000000-798a0c000000 rw-s 00000000 00:01 19                         /SYSV00000000 (deleted)
798a0c000000-798a0c021000 rw-p 00000000 00:00 0 
798a0c021000-798a10000000 ---p 00000000 00:00 0 
798a10100000-798a102e0000 rw-p 00000000 00:00 0 
798a102e0000-798a10300000 rw-p 00000000 00:00 0 
798a103fe000-798a10402000 ---p 00000000 00:00 0 
798a10402000-798a104fe000 rw-p 00000000 00:00 0 
798a104fe000-798a10502000 ---p 00000000 00:00 0 
798a10502000-798a11600000 rw-p 00000000 00:00 0 
798a11600000-798a1160f000 r-xp 00000000 103:02 3939255                   /home/adam/.openjfx/cache/13/libdecora_sse.so
798a1160f000-798a1180f000 ---p 0000f000 103:02 3939255                   /home/adam/.openjfx/cache/13/libdecora_sse.so
798a1180f000-798a11810000 r--p 0000f000 103:02 3939255                   /home/adam/.openjfx/cache/13/libdecora_sse.so
798a11810000-798a11811000 rw-p 00010000 103:02 3939255                   /home/adam/.openjfx/cache/13/libdecora_sse.so
798a118ff000-798a11903000 ---p 00000000 00:00 0 
798a11903000-798a119ff000 rw-p 00000000 00:00 0 
798a119ff000-798a11a03000 ---p 00000000 00:00 0 
798a11a03000-798a11aff000 rw-p 00000000 00:00 0 
798a11aff000-798a11b03000 ---p 00000000 00:00 0 
798a11b03000-798a11bff000 rw-p 00000000 00:00 0 
798a11bff000-798a11c03000 ---p 00000000 00:00 0 
798a11c03000-798a11cff000 rw-p 00000000 00:00 0 
798a11cff000-798a11d03000 ---p 00000000 00:00 0 
798a11d03000-798a12600000 rw-p 00000000 00:00 0 
798a12600000-798a12606000 rw-p 00000000 00:00 0 
798a12606000-798a126d8000 rw-p 00000000 00:00 0 
798a126d8000-798a12700000 rw-p 00000000 00:00 0 
798a12700000-798a12704000 ---p 00000000 00:00 0 
798a12704000-798a12800000 rw-p 00000000 00:00 0 
798a12800000-798a12900000 rw-p 00000000 00:00 0 
798a12900000-798a12904000 ---p 00000000 00:00 0 
798a12904000-798a12a00000 rw-p 00000000 00:00 0 
798a12a00000-798a12a05000 rw-p 00000000 00:00 0 
798a12a05000-798a12a0a000 rw-p 00000000 00:00 0 
798a12a0a000-798a12b00000 rw-p 00000000 00:00 0 
798a12b75000-798a12b80000 rw-p 00000000 00:00 0 
798a12b84000-798a12b88000 rw-p 00000000 00:00 0 
798a12b8c000-798a12b90000 rw-p 00000000 00:00 0 
798a12b94000-798a12b98000 rw-p 00000000 00:00 0 
798a12b99000-798a12ba8000 rw-p 00000000 00:00 0 
798a12bac000-798a12bc2000 rw-p 00000000 00:00 0 
798a12bc2000-798a12bcd000 r--p 00000000 00:2e 831                        /tmp/+JXF10612929216915947497.tmp
798a12bcd000-798a12bd8000 r--p 00000000 00:2e 830                        /tmp/+JXF10775648705323751806.tmp
798a12bd8000-798a12bdc000 rw-p 00000000 00:00 0 
798a12bdf000-798a12c04000 rw-p 00000000 00:00 0 
798a12c04000-798a12c08000 rw-p 00000000 00:00 0 
798a12c08000-798a12c12000 rw-p 00000000 00:00 0 
798a12c12000-798a12c14000 rw-p 00000000 00:00 0 
798a12c14000-798a12c16000 rw-p 00000000 00:00 0 
798a12c16000-798a12c1a000 rw-p 00000000 00:00 0 
798a12c1a000-798a12c1e000 rw-p 00000000 00:00 0 
798a12c1e000-798a12c56000 rw-p 00000000 00:00 0 
798a12c56000-798a12c58000 rw-p 00000000 00:00 0 
798a12c58000-798a12c5c000 rw-p 00000000 00:00 0 
798a12c5c000-798a12c5e000 rw-p 00000000 00:00 0 
798a12c5e000-798a12c6e000 rw-p 00000000 00:00 0 
798a12c6e000-798a12c70000 rw-p 00000000 00:00 0 
798a12c70000-798a12c78000 rw-p 00000000 00:00 0 
798a12c78000-798a12c7c000 rw-p 00000000 00:00 0 
798a12c7c000-798a12c82000 rw-p 00000000 00:00 0 
798a12c82000-798a12c84000 rw-p 00000000 00:00 0 
798a12c84000-798a12c8e000 rw-p 00000000 00:00 0 
798a12c8e000-798a12c94000 rw-p 00000000 00:00 0 
798a12c94000-798a12c9c000 rw-p 00000000 00:00 0 
798a12c9c000-798a12c9e000 rw-p 00000000 00:00 0 
798a12c9e000-798a12ca4000 rw-p 00000000 00:00 0 
798a12ca4000-798a12cc6000 rw-p 00000000 00:00 0 
798a12cc6000-798a12cca000 rw-p 00000000 00:00 0 
798a12cca000-798a12cd2000 rw-p 00000000 00:00 0 
798a12cd2000-798a12cd4000 rw-p 00000000 00:00 0 
798a12cd4000-798a12cf0000 rw-p 00000000 00:00 0 
798a12cf0000-798a12cf2000 rw-p 00000000 00:00 0 
798a12cf2000-798a12d00000 rw-p 00000000 00:00 0 
798a12d00000-798a12d04000 ---p 00000000 00:00 0 
798a12d04000-798a12e00000 rw-p 00000000 00:00 0 
798a12e00000-798a12f00000 rw-p 00000000 00:00 0 
798a12f00000-798a12f04000 ---p 00000000 00:00 0 
798a12f04000-798a13000000 rw-p 00000000 00:00 0 
798a13000000-798a13018000 rw-p 00000000 00:00 0 
798a13018000-798a1301a000 rw-p 00000000 00:00 0 
798a1301a000-798a13099000 rw-p 00000000 00:00 0 
798a13099000-798a13100000 rw-p 00000000 00:00 0 
798a13100000-798a13104000 ---p 00000000 00:00 0 
798a13104000-798a13200000 rw-p 00000000 00:00 0 
798a13200000-798a13300000 rw-p 00000000 00:00 0 
798a13300000-798a13304000 ---p 00000000 00:00 0 
798a13304000-798a13400000 rw-p 00000000 00:00 0 
798a13400000-798a13504000 rw-p 00000000 00:00 0 
798a13508000-798a1353f000 rw-p 00000000 00:00 0 
798a1353f000-798a13540000 r--p 00000000 103:02 8944025                   /usr/lib/x86_64-linux-gnu/libnss_mdns4_minimal.so.2
798a13540000-798a13542000 r-xp 00001000 103:02 8944025                   /usr/lib/x86_64-linux-gnu/libnss_mdns4_minimal.so.2
798a13542000-798a13543000 r--p 00003000 103:02 8944025                   /usr/lib/x86_64-linux-gnu/libnss_mdns4_minimal.so.2
798a13543000-798a13544000 r--p 00003000 103:02 8944025                   /usr/lib/x86_64-linux-gnu/libnss_mdns4_minimal.so.2
798a13544000-798a13545000 rw-p 00004000 103:02 8944025                   /usr/lib/x86_64-linux-gnu/libnss_mdns4_minimal.so.2
798a1354c000-798a13562000 rw-p 00000000 00:00 0 
798a13562000-798a135ba000 r--p 00000000 103:02 9062047                   /usr/share/fonts/truetype/dejavu/DejaVuSerif-Bold.ttf
798a135ba000-798a135c6000 r--p 00000000 103:02 9062385                   /usr/share/fonts/truetype/noto/NotoSerifThai-Regular.ttf
798a135c6000-798a13612000 r--p 00000000 103:02 9062383                   /usr/share/fonts/truetype/noto/NotoSerifTelugu-Regular.ttf
798a13612000-798a13626000 r--p 00000000 103:02 9062378                   /usr/share/fonts/truetype/noto/NotoSerifTamil-Regular.ttf
798a13626000-798a13675000 r--p 00000000 103:02 9062376                   /usr/share/fonts/truetype/noto/NotoSerifSinhala-Regular.ttf
798a13675000-798a136b8000 r--p 00000000 103:02 9062371                   /usr/share/fonts/truetype/noto/NotoSerifMyanmar-Bold.ttf
798a136b8000-798a136d3000 r--p 00000000 103:02 9062370                   /usr/share/fonts/truetype/noto/NotoSerifMalayalam-Regular.ttf
798a136d3000-798a136dd000 r--p 00000000 103:02 9062368                   /usr/share/fonts/truetype/noto/NotoSerifLao-Regular.ttf
798a136dd000-798a13701000 r--p 00000000 103:02 9062366                   /usr/share/fonts/truetype/noto/NotoSerifKhojki-Regular.ttf
798a13701000-798a13726000 r--p 00000000 103:02 9062364                   /usr/share/fonts/truetype/noto/NotoSerifKhmer-Regular.ttf
798a13726000-798a13756000 r--p 00000000 103:02 9062362                   /usr/share/fonts/truetype/noto/NotoSerifKannada-Regular.ttf
798a13756000-798a13763000 r--p 00000000 103:02 9062358                   /usr/share/fonts/truetype/noto/NotoSerifGurmukhi-Regular.ttf
798a13763000-798a13787000 r--p 00000000 103:02 9062356                   /usr/share/fonts/truetype/noto/NotoSerifGujarati-Regular.ttf
798a13787000-798a137ff000 r--p 00000000 103:02 9062354                   /usr/share/fonts/truetype/noto/NotoSerifGrantha-Regular.ttf
798a137ff000-798a14000000 rw-p 00000000 00:00 0 
798a14000000-798a18000000 rw-s 00000000 00:01 58045                      /memfd:pulseaudio (deleted)
798a18000000-798a18021000 rw-p 00000000 00:00 0 
798a18021000-798a1c000000 ---p 00000000 00:00 0 
798a1c002000-798a1c00a000 r--p 00000000 103:02 9062360                   /usr/share/fonts/truetype/noto/NotoSerifHebrew-Regular.ttf
798a1c00a000-798a1c051000 r--p 00000000 103:02 9062351                   /usr/share/fonts/truetype/noto/NotoSerifEthiopic-Regular.ttf
798a1c051000-798a1c092000 r--p 00000000 103:02 9062344                   /usr/share/fonts/truetype/noto/NotoSerifDevanagari-Regular.ttf
798a1c092000-798a1c0d3000 r--p 00000000 103:02 9062342                   /usr/share/fonts/truetype/noto/NotoSerifBengali-Regular.ttf
798a1c0d3000-798a1c0fe000 r--p 00000000 103:02 9062129                   /usr/share/fonts/truetype/noto/NotoNaskhArabic-Regular.ttf
798a1c0fe000-798a1ca00000 rw-p 00000000 00:00 0 
798a1ca00000-798a1ca07000 r--p 00000000 103:02 8944045                   /usr/lib/x86_64-linux-gnu/libopus.so.0.11.1
798a1ca07000-798a1ca79000 r-xp 00007000 103:02 8944045                   /usr/lib/x86_64-linux-gnu/libopus.so.0.11.1
798a1ca79000-798a1ce12000 r--p 00079000 103:02 8944045                   /usr/lib/x86_64-linux-gnu/libopus.so.0.11.1
798a1ce12000-798a1ce15000 r--p 00412000 103:02 8944045                   /usr/lib/x86_64-linux-gnu/libopus.so.0.11.1
798a1ce15000-798a1ce16000 rw-p 00415000 103:02 8944045                   /usr/lib/x86_64-linux-gnu/libopus.so.0.11.1
798a1ce17000-798a1ce27000 r--p 00000000 103:02 9062353                   /usr/share/fonts/truetype/noto/NotoSerifGeorgian-Regular.ttf
798a1ce27000-798a1ceb7000 r--p 00000000 103:02 9062336                   /usr/share/fonts/truetype/noto/NotoSerif-Regular.ttf
798a1ceb7000-798a1cf35000 r--p 00000000 103:02 9062134                   /usr/share/fonts/truetype/noto/NotoSans-Bold.ttf
798a1cf35000-798a1cf3b000 r--p 00000000 103:02 8943974                   /usr/lib/x86_64-linux-gnu/libmp3lame.so.0.0.0
798a1cf3b000-798a1cf64000 r-xp 00006000 103:02 8943974                   /usr/lib/x86_64-linux-gnu/libmp3lame.so.0.0.0
798a1cf64000-798a1cf71000 r--p 0002f000 103:02 8943974                   /usr/lib/x86_64-linux-gnu/libmp3lame.so.0.0.0
798a1cf71000-798a1cf72000 r--p 0003b000 103:02 8943974                   /usr/lib/x86_64-linux-gnu/libmp3lame.so.0.0.0
798a1cf72000-798a1cf73000 rw-p 0003c000 103:02 8943974                   /usr/lib/x86_64-linux-gnu/libmp3lame.so.0.0.0
798a1cf73000-798a1cf84000 rw-p 00000000 00:00 0 
798a1cf84000-798a1cf89000 r--p 00000000 103:02 8943977                   /usr/lib/x86_64-linux-gnu/libmpg123.so.0.49.4
798a1cf89000-798a1cfc7000 r-xp 00005000 103:02 8943977                   /usr/lib/x86_64-linux-gnu/libmpg123.so.0.49.4
798a1cfc7000-798a1cfe1000 r--p 00043000 103:02 8943977                   /usr/lib/x86_64-linux-gnu/libmpg123.so.0.49.4
798a1cfe1000-798a1cfe2000 r--p 0005d000 103:02 8943977                   /usr/lib/x86_64-linux-gnu/libmpg123.so.0.49.4
798a1cfe2000-798a1cfe3000 rw-p 0005e000 103:02 8943977                   /usr/lib/x86_64-linux-gnu/libmpg123.so.0.49.4
798a1cfe3000-798a1cff7000 r--p 00000000 103:02 8944259                   /usr/lib/x86_64-linux-gnu/libvorbisenc.so.2.0.12
798a1cff7000-798a1cffa000 r-xp 00014000 103:02 8944259                   /usr/lib/x86_64-linux-gnu/libvorbisenc.so.2.0.12
798a1cffa000-798a1d071000 r--p 00017000 103:02 8944259                   /usr/lib/x86_64-linux-gnu/libvorbisenc.so.2.0.12
798a1d071000-798a1d08d000 r--p 0008d000 103:02 8944259                   /usr/lib/x86_64-linux-gnu/libvorbisenc.so.2.0.12
798a1d08d000-798a1d08e000 rw-p 000a9000 103:02 8944259                   /usr/lib/x86_64-linux-gnu/libvorbisenc.so.2.0.12
798a1d08e000-798a1d097000 r--p 00000000 103:02 8943404                   /usr/lib/x86_64-linux-gnu/libFLAC.so.14.0.0
798a1d097000-798a1d0df000 r-xp 00009000 103:02 8943404                   /usr/lib/x86_64-linux-gnu/libFLAC.so.14.0.0
798a1d0df000-798a1d0f0000 r--p 00051000 103:02 8943404                   /usr/lib/x86_64-linux-gnu/libFLAC.so.14.0.0
798a1d0f0000-798a1d0f1000 r--p 00062000 103:02 8943404                   /usr/lib/x86_64-linux-gnu/libFLAC.so.14.0.0
798a1d0f1000-798a1d0f2000 rw-p 00063000 103:02 8943404                   /usr/lib/x86_64-linux-gnu/libFLAC.so.14.0.0
798a1d0f2000-798a1d0fb000 r--p 00000000 103:02 8944162                   /usr/lib/x86_64-linux-gnu/libsndfile.so.1.0.37
798a1d0fb000-798a1d163000 r-xp 00009000 103:02 8944162                   /usr/lib/x86_64-linux-gnu/libsndfile.so.1.0.37
798a1d163000-798a1d17c000 r--p 00071000 103:02 8944162                   /usr/lib/x86_64-linux-gnu/libsndfile.so.1.0.37
798a1d17c000-798a1d17f000 r--p 0008a000 103:02 8944162                   /usr/lib/x86_64-linux-gnu/libsndfile.so.1.0.37
798a1d17f000-798a1d180000 rw-p 0008d000 103:02 8944162                   /usr/lib/x86_64-linux-gnu/libsndfile.so.1.0.37
798a1d180000-798a1d182000 rw-p 00000000 00:00 0 
798a1d182000-798a1d194000 r--p 00000000 103:02 8946990                   /usr/lib/x86_64-linux-gnu/pulseaudio/libpulsecommon-17.0.so
798a1d194000-798a1d1de000 r-xp 00012000 103:02 8946990                   /usr/lib/x86_64-linux-gnu/pulseaudio/libpulsecommon-17.0.so
798a1d1de000-798a1d1fd000 r--p 0005c000 103:02 8946990                   /usr/lib/x86_64-linux-gnu/pulseaudio/libpulsecommon-17.0.so
798a1d1fd000-798a1d1ff000 r--p 0007a000 103:02 8946990                   /usr/lib/x86_64-linux-gnu/pulseaudio/libpulsecommon-17.0.so
798a1d1ff000-798a1d200000 rw-p 0007c000 103:02 8946990                   /usr/lib/x86_64-linux-gnu/pulseaudio/libpulsecommon-17.0.so
798a1d200000-798a1dc83000 r--p 00000000 103:02 9062075                   /usr/share/fonts/truetype/noto/NotoColorEmoji.ttf
798a1dc86000-798a1dc87000 rw-p 00000000 00:00 0 
798a1dc87000-798a1dc94000 r--p 00000000 103:02 9062340                   /usr/share/fonts/truetype/noto/NotoSerifBalinese-Regular.ttf
798a1dc94000-798a1dc9c000 r--p 00000000 103:02 9062339                   /usr/share/fonts/truetype/noto/NotoSerifArmenian-Regular.ttf
798a1dc9c000-798a1dca3000 rw-p 00000000 00:00 0 
798a1dca3000-798a1dca6000 r--p 00000000 103:02 8943574                   /usr/lib/x86_64-linux-gnu/libapparmor.so.1.29.4
798a1dca6000-798a1dcb0000 r-xp 00003000 103:02 8943574                   /usr/lib/x86_64-linux-gnu/libapparmor.so.1.29.4
798a1dcb0000-798a1dcb7000 r--p 0000d000 103:02 8943574                   /usr/lib/x86_64-linux-gnu/libapparmor.so.1.29.4
798a1dcb7000-798a1dcb8000 r--p 00013000 103:02 8943574                   /usr/lib/x86_64-linux-gnu/libapparmor.so.1.29.4
798a1dcb8000-798a1dcb9000 rw-p 00014000 103:02 8943574                   /usr/lib/x86_64-linux-gnu/libapparmor.so.1.29.4
798a1dcb9000-798a1dcbb000 r--p 00000000 103:02 8943582                   /usr/lib/x86_64-linux-gnu/libasyncns.so.0.3.1
798a1dcbb000-798a1dcbe000 r-xp 00002000 103:02 8943582                   /usr/lib/x86_64-linux-gnu/libasyncns.so.0.3.1
798a1dcbe000-798a1dcbf000 r--p 00005000 103:02 8943582                   /usr/lib/x86_64-linux-gnu/libasyncns.so.0.3.1
798a1dcbf000-798a1dcc0000 r--p 00006000 103:02 8943582                   /usr/lib/x86_64-linux-gnu/libasyncns.so.0.3.1
798a1dcc0000-798a1dcc1000 rw-p 00007000 103:02 8943582                   /usr/lib/x86_64-linux-gnu/libasyncns.so.0.3.1
798a1dcc1000-798a1dccd000 r--p 00000000 103:02 8944110                   /usr/lib/x86_64-linux-gnu/libpulse.so.0.24.3
798a1dccd000-798a1dcfe000 r-xp 0000c000 103:02 8944110                   /usr/lib/x86_64-linux-gnu/libpulse.so.0.24.3
798a1dcfe000-798a1dd0f000 r--p 0003d000 103:02 8944110                   /usr/lib/x86_64-linux-gnu/libpulse.so.0.24.3
798a1dd0f000-798a1dd11000 r--p 0004d000 103:02 8944110                   /usr/lib/x86_64-linux-gnu/libpulse.so.0.24.3
798a1dd11000-798a1dd12000 rw-p 0004f000 103:02 8944110                   /usr/lib/x86_64-linux-gnu/libpulse.so.0.24.3
798a1dd12000-798a1dd13000 rw-p 00000000 00:00 0 
798a1dd13000-798a1dd14000 rw-p 00000000 00:00 0 
798a1dd14000-798a1dd24000 rw-p 00000000 00:00 0 
798a1dd24000-798a1dd80000 r--p 00000000 103:02 9062073                   /usr/share/fonts/truetype/liberation/LiberationSerif-Italic.ttf
798a1dd80000-798a1dd9c000 r--p 00000000 103:02 9062070                   /usr/share/fonts/truetype/liberation/LiberationSansNarrow-Regular.ttf
798a1dd9c000-798a1ddc7000 r--p 00000000 103:02 9062393                   /usr/share/fonts/truetype/ubuntu/UbuntuMono[wght].ttf
798a1ddc7000-798a1de00000 r--p 00000000 103:02 9062396                   /usr/share/fonts/truetype/ubuntu/UbuntuSansMono[wght].ttf
798a1de00000-798a1e143000 r--p 00000000 103:02 9062381                   /usr/share/fonts/truetype/noto/NotoSerifTangut-Regular.ttf
798a1e143000-798a1e145000 r--p 00000000 103:02 8945769                   /usr/lib/x86_64-linux-gnu/libcanberra-0.30/libcanberra-pulse.so
798a1e145000-798a1e149000 r-xp 00002000 103:02 8945769                   /usr/lib/x86_64-linux-gnu/libcanberra-0.30/libcanberra-pulse.so
798a1e149000-798a1e14a000 r--p 00006000 103:02 8945769                   /usr/lib/x86_64-linux-gnu/libcanberra-0.30/libcanberra-pulse.so
798a1e14a000-798a1e14b000 r--p 00006000 103:02 8945769                   /usr/lib/x86_64-linux-gnu/libcanberra-0.30/libcanberra-pulse.so
798a1e14b000-798a1e14c000 rw-p 00007000 103:02 8945769                   /usr/lib/x86_64-linux-gnu/libcanberra-0.30/libcanberra-pulse.so
798a1e14c000-798a1e14f000 r--p 00000000 103:02 9062389                   /usr/share/fonts/truetype/noto/NotoSerifYezidi-Regular.ttf
798a1e14f000-798a1e153000 r--p 00000000 103:02 9062374                   /usr/share/fonts/truetype/noto/NotoSerifNyiakengPuachueHmong-Regular.ttf
798a1e153000-798a1e163000 r--p 00000000 103:02 9062125                   /usr/share/fonts/truetype/noto/NotoLoopedThai-Regular.ttf
798a1e163000-798a1e171000 r--p 00000000 103:02 9062123                   /usr/share/fonts/truetype/noto/NotoLoopedLao-Regular.ttf
798a1e171000-798a1e200000 r--p 00000000 103:02 9062180                   /usr/share/fonts/truetype/noto/NotoSansEgyptianHieroglyphs-Regular.ttf
798a1e200000-798a1e6f9000 r--p 00000000 103:02 9062284                   /usr/share/fonts/truetype/noto/NotoSansSignWriting-Regular.ttf
798a1e6f9000-798a1e6fd000 r--p 00000000 103:02 9062307                   /usr/share/fonts/truetype/noto/NotoSansTamilSupplement-Regular.ttf
798a1e6fd000-798a1e704000 r--p 00000000 103:02 9062349                   /usr/share/fonts/truetype/noto/NotoSerifDogra-Regular.ttf
798a1e704000-798a1e707000 r--p 00000000 103:02 9062279                   /usr/share/fonts/truetype/noto/NotoSansSamaritan-Regular.ttf
798a1e707000-798a1e710000 r--p 00000000 103:02 9062276                   /usr/share/fonts/truetype/noto/NotoSansPsalterPahlavi-Regular.ttf
798a1e710000-798a1e714000 r--p 00000000 103:02 9062266                   /usr/share/fonts/truetype/noto/NotoSansOldTurkic-Regular.ttf
798a1e714000-798a1e716000 r--p 00000000 103:02 9062265                   /usr/share/fonts/truetype/noto/NotoSansOldSouthArabian-Regular.ttf
798a1e716000-798a1e71a000 r--p 00000000 103:02 9062264                   /usr/share/fonts/truetype/noto/NotoSansOldSogdian-Regular.ttf
798a1e71a000-798a1e71e000 r--p 00000000 103:02 9062263                   /usr/share/fonts/truetype/noto/NotoSansOldPersian-Regular.ttf
798a1e71e000-798a1e721000 r--p 00000000 103:02 9062262                   /usr/share/fonts/truetype/noto/NotoSansOldPermic-Regular.ttf
798a1e721000-798a1e723000 r--p 00000000 103:02 9062261                   /usr/share/fonts/truetype/noto/NotoSansOldNorthArabian-Regular.ttf
798a1e723000-798a1e725000 r--p 00000000 103:02 9062204                   /usr/share/fonts/truetype/noto/NotoSansInscriptionalParthian-Regular.ttf
798a1e725000-798a1e727000 r--p 00000000 103:02 9062203                   /usr/share/fonts/truetype/noto/NotoSansInscriptionalPahlavi-Regular.ttf
798a1e727000-798a1e72f000 r--p 00000000 103:02 9062202                   /usr/share/fonts/truetype/noto/NotoSansIndicSiyaqNumbers-Regular.ttf
798a1e72f000-798a1e731000 r--p 00000000 103:02 9062201                   /usr/share/fonts/truetype/noto/NotoSansImperialAramaic-Regular.ttf
798a1e731000-798a1e769000 r--p 00000000 103:02 9062142                   /usr/share/fonts/truetype/noto/NotoSansAnatolianHieroglyphs-Regular.ttf
798a1e769000-798a1e77d000 r--p 00000000 103:02 9062127                   /usr/share/fonts/truetype/noto/NotoMusic-Regular.ttf
798a1e77d000-798a1e80f000 r--p 00000000 103:02 9062387                   /usr/share/fonts/truetype/noto/NotoSerifTibetan-Regular.ttf
798a1e80f000-798a1e84f000 r--p 00000000 103:02 9062295                   /usr/share/fonts/truetype/noto/NotoSansSymbols-Regular.ttf
798a1e84f000-798a1e851000 r--p 00000000 103:02 9062260                   /usr/share/fonts/truetype/noto/NotoSansOldItalic-Regular.ttf
798a1e851000-798a1e85f000 r--p 00000000 103:02 9062259                   /usr/share/fonts/truetype/noto/NotoSansOldHungarian-Regular.ttf
798a1e85f000-798a1e864000 r--p 00000000 103:02 9062337                   /usr/share/fonts/truetype/noto/NotoSerifAhom-Regular.ttf
798a1e864000-798a1e905000 r--p 00000000 103:02 9062296                   /usr/share/fonts/truetype/noto/NotoSansSymbols2-Regular.ttf
798a1e905000-798a1e982000 r--p 00000000 103:02 9062246                   /usr/share/fonts/truetype/noto/NotoSansMono-Regular.ttf
798a1e982000-798a1e9e3000 r--p 00000000 103:02 9062074                   /usr/share/fonts/truetype/liberation/LiberationSerif-Regular.ttf
798a1e9e3000-798a1ea40000 r--p 00000000 103:02 9062048                   /usr/share/fonts/truetype/dejavu/DejaVuSerif.ttf
798a1ea40000-798a1ea94000 r--p 00000000 103:02 9062046                   /usr/share/fonts/truetype/dejavu/DejaVuSansMono.ttf
798a1ea94000-798a1eb4e000 r--p 00000000 103:02 9062042                   /usr/share/fonts/truetype/dejavu/DejaVuSans.ttf
798a1eb4e000-798a1ebdf000 r--p 00000000 103:02 9062234                   /usr/share/fonts/truetype/noto/NotoSansMath-Regular.ttf
798a1ebdf000-798a1ebe4000 r--p 00000000 103:02 9062332                   /usr/share/fonts/truetype/noto/NotoSansZanabazarSquare-Regular.ttf
798a1ebe4000-798a1ec11000 r--p 00000000 103:02 9062331                   /usr/share/fonts/truetype/noto/NotoSansYi-Regular.ttf
798a1ec11000-798a1ec18000 r--p 00000000 103:02 9062330                   /usr/share/fonts/truetype/noto/NotoSansWarangCiti-Regular.ttf
798a1ec18000-798a1ec1d000 r--p 00000000 103:02 9062329                   /usr/share/fonts/truetype/noto/NotoSansWancho-Regular.ttf
798a1ec1d000-798a1ec34000 r--p 00000000 103:02 9062328                   /usr/share/fonts/truetype/noto/NotoSansVai-Regular.ttf
798a1ec34000-798a1ec36000 r--p 00000000 103:02 9062327                   /usr/share/fonts/truetype/noto/NotoSansUgaritic-Regular.ttf
798a1ec36000-798a1ec4e000 r--p 00000000 103:02 9062326                   /usr/share/fonts/truetype/noto/NotoSansTirhuta-Regular.ttf
798a1ec4e000-798a1ec58000 r--p 00000000 103:02 9062314                   /usr/share/fonts/truetype/noto/NotoSansTifinagh-Regular.ttf
798a1ec58000-798a1ec62000 r--p 00000000 103:02 9062313                   /usr/share/fonts/truetype/noto/NotoSansThai-Regular.ttf
798a1ec62000-798a1ec67000 r--p 00000000 103:02 9062311                   /usr/share/fonts/truetype/noto/NotoSansThaana-Regular.ttf
798a1ec67000-798a1ec97000 r--p 00000000 103:02 9062309                   /usr/share/fonts/truetype/noto/NotoSansTelugu-Regular.ttf
798a1ec97000-798a1ec9d000 r--p 00000000 103:02 9062304                   /usr/share/fonts/truetype/noto/NotoSansTakri-Regular.ttf
798a1ec9d000-798a1ecaf000 r--p 00000000 103:02 9062306                   /usr/share/fonts/truetype/noto/NotoSansTamil-Regular.ttf
798a1ecaf000-798a1ecb7000 r--p 00000000 103:02 9062303                   /usr/share/fonts/truetype/noto/NotoSansTaiViet-Regular.ttf
798a1ecb7000-798a1eccf000 r--p 00000000 103:02 9062302                   /usr/share/fonts/truetype/noto/NotoSansTaiTham-Regular.ttf
798a1eccf000-798a1ecd4000 r--p 00000000 103:02 9062300                   /usr/share/fonts/truetype/noto/NotoSansTaiLe-Regular.ttf
798a1ecd4000-798a1ecd6000 r--p 00000000 103:02 9062299                   /usr/share/fonts/truetype/noto/NotoSansTagbanwa-Regular.ttf
798a1ecd6000-798a1ecd8000 r--p 00000000 103:02 9062298                   /usr/share/fonts/truetype/noto/NotoSansTagalog-Regular.ttf
798a1ecd8000-798a1ed12000 r--p 00000000 103:02 9062297                   /usr/share/fonts/truetype/noto/NotoSansSyriac-Regular.ttf
798a1ed12000-798a1ed19000 r--p 00000000 103:02 9062293                   /usr/share/fonts/truetype/noto/NotoSansSylotiNagri-Regular.ttf
798a1ed19000-798a1ed1f000 r--p 00000000 103:02 9062292                   /usr/share/fonts/truetype/noto/NotoSansSundanese-Regular.ttf
798a1ed1f000-798a1ed30000 r--p 00000000 103:02 9062290                   /usr/share/fonts/truetype/noto/NotoSansSoyombo-Regular.ttf
798a1ed30000-798a1ed32000 r--p 00000000 103:02 9062289                   /usr/share/fonts/truetype/noto/NotoSansSoraSompeng-Regular.ttf
798a1ed32000-798a1ed4b000 r--p 00000000 103:02 9062287                   /usr/share/fonts/truetype/noto/NotoSansSogdian-Regular.ttf
798a1ed4b000-798a1ed97000 r--p 00000000 103:02 9062286                   /usr/share/fonts/truetype/noto/NotoSansSinhala-Regular.ttf
798a1ed97000-798a1edba000 r--p 00000000 103:02 9062283                   /usr/share/fonts/truetype/noto/NotoSansSiddham-Regular.ttf
798a1edba000-798a1edbe000 r--p 00000000 103:02 9062282                   /usr/share/fonts/truetype/noto/NotoSansShavian-Regular.ttf
798a1edbe000-798a1edcb000 r--p 00000000 103:02 9062281                   /usr/share/fonts/truetype/noto/NotoSansSharada-Regular.ttf
798a1edcb000-798a1edd4000 r--p 00000000 103:02 9062280                   /usr/share/fonts/truetype/noto/NotoSansSaurashtra-Regular.ttf
798a1edd4000-798a1edd7000 r--p 00000000 103:02 9062278                   /usr/share/fonts/truetype/noto/NotoSansRunic-Regular.ttf
798a1edd7000-798a1edd9000 r--p 00000000 103:02 9062277                   /usr/share/fonts/truetype/noto/NotoSansRejang-Regular.ttf
798a1edd9000-798a1eddb000 r--p 00000000 103:02 9062275                   /usr/share/fonts/truetype/noto/NotoSansPhoenician-Regular.ttf
798a1eddb000-798a1ede5000 r--p 00000000 103:02 9062274                   /usr/share/fonts/truetype/noto/NotoSansPhagsPa-Regular.ttf
798a1ede5000-798a1ede8000 r--p 00000000 103:02 9062273                   /usr/share/fonts/truetype/noto/NotoSansPauCinHau-Regular.ttf
798a1ede8000-798a1edec000 r--p 00000000 103:02 9062272                   /usr/share/fonts/truetype/noto/NotoSansPalmyrene-Regular.ttf
798a1edec000-798a1edf1000 r--p 00000000 103:02 9062271                   /usr/share/fonts/truetype/noto/NotoSansPahawhHmong-Regular.ttf
798a1edf1000-798a1edf6000 r--p 00000000 103:02 9062270                   /usr/share/fonts/truetype/noto/NotoSansOsmanya-Regular.ttf
798a1edf6000-798a1edfc000 r--p 00000000 103:02 9062269                   /usr/share/fonts/truetype/noto/NotoSansOsage-Regular.ttf
798a1edfc000-798a1ee14000 r--p 00000000 103:02 9062268                   /usr/share/fonts/truetype/noto/NotoSansOriya-Regular.ttf
798a1ee14000-798a1ee18000 r--p 00000000 103:02 9062258                   /usr/share/fonts/truetype/noto/NotoSansOlChiki-Regular.ttf
798a1ee18000-798a1ee1a000 r--p 00000000 103:02 9062256                   /usr/share/fonts/truetype/noto/NotoSansOgham-Regular.ttf
798a1ee1a000-798a1ee37000 r--p 00000000 103:02 9062255                   /usr/share/fonts/truetype/noto/NotoSansNushu-Regular.ttf
798a1ee37000-798a1ee5c000 r--p 00000000 103:02 9062254                   /usr/share/fonts/truetype/noto/NotoSansNewa-Regular.ttf
798a1ee5c000-798a1ee61000 r--p 00000000 103:02 9062253                   /usr/share/fonts/truetype/noto/NotoSansNewTaiLue-Regular.ttf
798a1ee61000-798a1ee64000 r--p 00000000 103:02 9062252                   /usr/share/fonts/truetype/noto/NotoSansNabataean-Regular.ttf
798a1ee64000-798a1ee6e000 r--p 00000000 103:02 9062251                   /usr/share/fonts/truetype/noto/NotoSansNKo-Regular.ttf
798a1ee6e000-798a1ee9e000 r--p 00000000 103:02 9062250                   /usr/share/fonts/truetype/noto/NotoSansMyanmar-Regular.ttf
798a1ee9e000-798a1eea3000 r--p 00000000 103:02 9062248                   /usr/share/fonts/truetype/noto/NotoSansMultani-Regular.ttf
798a1eea3000-798a1eea5000 r--p 00000000 103:02 9062247                   /usr/share/fonts/truetype/noto/NotoSansMro-Regular.ttf
798a1eea5000-798a1eee1000 r--p 00000000 103:02 9062244                   /usr/share/fonts/truetype/noto/NotoSansMongolian-Regular.ttf
798a1eee1000-798a1eeec000 r--p 00000000 103:02 9062243                   /usr/share/fonts/truetype/noto/NotoSansModi-Regular.ttf
798a1eeec000-798a1eef5000 r--p 00000000 103:02 9062242                   /usr/share/fonts/truetype/noto/NotoSansMiao-Regular.ttf
798a1eef5000-798a1eefe000 r--p 00000000 103:02 9062241                   /usr/share/fonts/truetype/noto/NotoSansMeroitic-Regular.ttf
798a1eefe000-798a1ef07000 r--p 00000000 103:02 9062240                   /usr/share/fonts/truetype/noto/NotoSansMendeKikakui-Regular.ttf
798a1ef07000-798a1ef0c000 r--p 00000000 103:02 9062239                   /usr/share/fonts/truetype/noto/NotoSansMeeteiMayek-Regular.ttf
798a1ef0c000-798a1ef14000 r--p 00000000 103:02 9062237                   /usr/share/fonts/truetype/noto/NotoSansMedefaidrin-Regular.ttf
798a1ef14000-798a1ef16000 r--p 00000000 103:02 9062235                   /usr/share/fonts/truetype/noto/NotoSansMayanNumerals-Regular.ttf
798a1ef16000-798a1ef1e000 r--p 00000000 103:02 9062233                   /usr/share/fonts/truetype/noto/NotoSansMasaramGondi-Regular.ttf
798a1ef1e000-798a1ef3f000 r--p 00000000 103:02 9062232                   /usr/share/fonts/truetype/noto/NotoSansMarchen-Regular.ttf
798a1ef3f000-798a1ef4c000 r--p 00000000 103:02 9062231                   /usr/share/fonts/truetype/noto/NotoSansManichaean-Regular.ttf
798a1ef4c000-798a1ef54000 r--p 00000000 103:02 9062230                   /usr/share/fonts/truetype/noto/NotoSansMandaic-Regular.ttf
798a1ef54000-798a1ef6f000 r--p 00000000 103:02 9062229                   /usr/share/fonts/truetype/noto/NotoSansMalayalam-Regular.ttf
798a1ef6f000-798a1ef75000 r--p 00000000 103:02 9062227                   /usr/share/fonts/truetype/noto/NotoSansMahajani-Regular.ttf
798a1ef75000-798a1ef77000 r--p 00000000 103:02 9062226                   /usr/share/fonts/truetype/noto/NotoSansLydian-Regular.ttf
798a1ef77000-798a1ef7b000 r--p 00000000 103:02 9062224                   /usr/share/fonts/truetype/noto/NotoSansLisu-Regular.ttf
798a1ef7b000-798a1ef8b000 r--p 00000000 103:02 9062222                   /usr/share/fonts/truetype/noto/NotoSansLinearB-Regular.ttf
798a1ef8b000-798a1ef9a000 r--p 00000000 103:02 9062221                   /usr/share/fonts/truetype/noto/NotoSansLinearA-Regular.ttf
798a1ef9a000-798a1efa0000 r--p 00000000 103:02 9062219                   /usr/share/fonts/truetype/noto/NotoSansLepcha-Regular.ttf
798a1efa0000-798a1efa8000 r--p 00000000 103:02 9062218                   /usr/share/fonts/truetype/noto/NotoSansLao-Regular.ttf
798a1efa8000-798a1efad000 r--p 00000000 103:02 9062216                   /usr/share/fonts/truetype/noto/NotoSansKhudawadi-Regular.ttf
798a1efad000-798a1efbd000 r--p 00000000 103:02 9062215                   /usr/share/fonts/truetype/noto/NotoSansKhojki-Regular.ttf
798a1efbd000-798a1efd9000 r--p 00000000 103:02 9062214                   /usr/share/fonts/truetype/noto/NotoSansKhmer-Regular.ttf
798a1efd9000-798a1efff000 r--p 00000000 103:02 9062209                   /usr/share/fonts/truetype/noto/NotoSansKannada-Regular.ttf
798a1efff000-798a1f800000 rw-p 00000000 00:00 0 
798a1f800000-798a1f804000 r-xp 00000000 103:02 3944175                   /home/adam/.openjfx/cache/13/libjavafx_font_pango.so
798a1f804000-798a1fa03000 ---p 00004000 103:02 3944175                   /home/adam/.openjfx/cache/13/libjavafx_font_pango.so
798a1fa03000-798a1fa04000 r--p 00003000 103:02 3944175                   /home/adam/.openjfx/cache/13/libjavafx_font_pango.so
798a1fa04000-798a1fa05000 rw-p 00004000 103:02 3944175                   /home/adam/.openjfx/cache/13/libjavafx_font_pango.so
798a1fa05000-798a1fa09000 r--p 00000000 103:02 9062220                   /usr/share/fonts/truetype/noto/NotoSansLimbu-Regular.ttf
798a1fa09000-798a1fa12000 r--p 00000000 103:02 9062212                   /usr/share/fonts/truetype/noto/NotoSansKharoshthi-Regular.ttf
798a1fa12000-798a1fa29000 r--p 00000000 103:02 9062207                   /usr/share/fonts/truetype/noto/NotoSansKaithi-Regular.ttf
798a1fa29000-798a1fa49000 r--p 00000000 103:02 9062206                   /usr/share/fonts/truetype/noto/NotoSansJavanese-Regular.ttf
798a1fa49000-798a1fa50000 r--p 00000000 103:02 9062200                   /usr/share/fonts/truetype/noto/NotoSansHebrew-Regular.ttf
798a1fa50000-798a1fa57000 r--p 00000000 103:02 9062196                   /usr/share/fonts/truetype/noto/NotoSansHanifiRohingya-Regular.ttf
798a1fa57000-798a1fa64000 r--p 00000000 103:02 9062194                   /usr/share/fonts/truetype/noto/NotoSansGurmukhi-Regular.ttf
798a1fa64000-798a1fa74000 r--p 00000000 103:02 9062192                   /usr/share/fonts/truetype/noto/NotoSansGunjalaGondi-Regular.ttf
798a1fa74000-798a1fae3000 r--p 00000000 103:02 9062189                   /usr/share/fonts/truetype/noto/NotoSansGrantha-Regular.ttf
798a1fae3000-798a1fb37000 r--p 00000000 103:02 9062184                   /usr/share/fonts/truetype/noto/NotoSansEthiopic-Regular.ttf
798a1fb37000-798a1fc00000 r--p 00000000 103:02 9062170                   /usr/share/fonts/truetype/noto/NotoSansCuneiform-Regular.ttf
798a1fc00000-798a1fc05000 r-xp 00000000 103:02 3944174                   /home/adam/.openjfx/cache/13/libjavafx_font_freetype.so
798a1fc05000-798a1fe04000 ---p 00005000 103:02 3944174                   /home/adam/.openjfx/cache/13/libjavafx_font_freetype.so
798a1fe04000-798a1fe05000 r--p 00004000 103:02 3944174                   /home/adam/.openjfx/cache/13/libjavafx_font_freetype.so
798a1fe05000-798a1fe06000 rw-p 00005000 103:02 3944174                   /home/adam/.openjfx/cache/13/libjavafx_font_freetype.so
798a1fe06000-798a1fe0b000 r--p 00000000 103:02 9062211                   /usr/share/fonts/truetype/noto/NotoSansKayahLi-Regular.ttf
798a1fe0b000-798a1fe3e000 r--p 00000000 103:02 9062191                   /usr/share/fonts/truetype/noto/NotoSansGujarati-Regular.ttf
798a1fe3e000-798a1fe48000 r--p 00000000 103:02 9062187                   /usr/share/fonts/truetype/noto/NotoSansGlagolitic-Regular.ttf
798a1fe48000-798a1fe55000 r--p 00000000 103:02 9062186                   /usr/share/fonts/truetype/noto/NotoSansGeorgian-Regular.ttf
798a1fe55000-798a1fe5a000 r--p 00000000 103:02 9062181                   /usr/share/fonts/truetype/noto/NotoSansElbasan-Regular.ttf
798a1fe5a000-798a1fe5f000 r--p 00000000 103:02 9062179                   /usr/share/fonts/truetype/noto/NotoSansDuployan-Regular.ttf
798a1fe5f000-798a1fe97000 r--p 00000000 103:02 9062174                   /usr/share/fonts/truetype/noto/NotoSansDevanagari-Regular.ttf
798a1fe97000-798a1fe9c000 r--p 00000000 103:02 9062172                   /usr/share/fonts/truetype/noto/NotoSansDeseret-Regular.ttf
798a1fe9c000-798a1fea7000 r--p 00000000 103:02 9062169                   /usr/share/fonts/truetype/noto/NotoSansCoptic-Regular.ttf
798a1fea7000-798a1febf000 r--p 00000000 103:02 9062168                   /usr/share/fonts/truetype/noto/NotoSansCherokee-Regular.ttf
798a1febf000-798a1fec7000 r--p 00000000 103:02 9062166                   /usr/share/fonts/truetype/noto/NotoSansCham-Regular.ttf
798a1fec7000-798a1fed6000 r--p 00000000 103:02 9062164                   /usr/share/fonts/truetype/noto/NotoSansChakma-Regular.ttf
798a1fed6000-798a1fedd000 r--p 00000000 103:02 9062163                   /usr/share/fonts/truetype/noto/NotoSansCaucasianAlbanian-Regular.ttf
798a1fedd000-798a1fef3000 r--p 00000000 103:02 9062161                   /usr/share/fonts/truetype/noto/NotoSansCanadianAboriginal-Regular.ttf
798a1fef3000-798a1fefe000 r--p 00000000 103:02 9062157                   /usr/share/fonts/truetype/noto/NotoSansBrahmi-Regular.ttf
798a1fefe000-798a1ff3b000 r--p 00000000 103:02 9062156                   /usr/share/fonts/truetype/noto/NotoSansBhaiksuki-Regular.ttf
798a1ff3b000-798a1ff6d000 r--p 00000000 103:02 9062155                   /usr/share/fonts/truetype/noto/NotoSansBengali-Regular.ttf
798a1ff6d000-798a1ffa5000 r--p 00000000 103:02 9062151                   /usr/share/fonts/truetype/noto/NotoSansBamum-Regular.ttf
798a1ffa5000-798a1ffbc000 r--p 00000000 103:02 9062149                   /usr/share/fonts/truetype/noto/NotoSansBalinese-Regular.ttf
798a1ffbc000-798a1ffc4000 r--p 00000000 103:02 9062146                   /usr/share/fonts/truetype/noto/NotoSansArmenian-Regular.ttf
798a1ffc4000-798a20000000 r--p 00000000 103:02 9062144                   /usr/share/fonts/truetype/noto/NotoSansArabic-Regular.ttf
798a20000000-798a20a68000 rw-p 00000000 00:00 0 
798a20a68000-798a24000000 ---p 00000000 00:00 0 
798a24000000-798a24028000 rw-p 00000000 00:00 0 
798a24028000-798a28000000 ---p 00000000 00:00 0 
798a28000000-798a28021000 rw-p 00000000 00:00 0 
798a28021000-798a2c000000 ---p 00000000 00:00 0 
798a2c000000-798a2c021000 rw-p 00000000 00:00 0 
798a2c021000-798a30000000 ---p 00000000 00:00 0 
798a30000000-798a30021000 rw-p 00000000 00:00 0 
798a30021000-798a34000000 ---p 00000000 00:00 0 
798a34000000-798a34021000 rw-p 00000000 00:00 0 
798a34021000-798a38000000 ---p 00000000 00:00 0 
798a38000000-798a38021000 rw-p 00000000 00:00 0 
798a38021000-798a3c000000 ---p 00000000 00:00 0 
798a3c000000-798a3c021000 rw-p 00000000 00:00 0 
798a3c021000-798a40000000 ---p 00000000 00:00 0 
798a40000000-798a40021000 rw-p 00000000 00:00 0 
798a40021000-798a44000000 ---p 00000000 00:00 0 
798a44000000-798a44021000 rw-p 00000000 00:00 0 
798a44021000-798a48000000 ---p 00000000 00:00 0 
798a48000000-798a48e27000 rw-p 00000000 00:00 0 
798a48e27000-798a4c000000 ---p 00000000 00:00 0 
798a4c000000-798a4c021000 rw-p 00000000 00:00 0 
798a4c021000-798a50000000 ---p 00000000 00:00 0 
798a50000000-798a50021000 rw-p 00000000 00:00 0 
798a50021000-798a54000000 ---p 00000000 00:00 0 
798a54000000-798a54021000 rw-p 00000000 00:00 0 
798a54021000-798a58004000 ---p 00000000 00:00 0 
798a58004000-798a58100000 rw-p 00000000 00:00 0 
798a58100000-798a58104000 ---p 00000000 00:00 0 
798a58104000-798a58200000 rw-p 00000000 00:00 0 
798a58200000-798a58203000 r-xp 00000000 103:02 3944173                   /home/adam/.openjfx/cache/13/libjavafx_font.so
798a58203000-798a58402000 ---p 00003000 103:02 3944173                   /home/adam/.openjfx/cache/13/libjavafx_font.so
798a58402000-798a58403000 r--p 00002000 103:02 3944173                   /home/adam/.openjfx/cache/13/libjavafx_font.so
798a58403000-798a58404000 rw-p 00003000 103:02 3944173                   /home/adam/.openjfx/cache/13/libjavafx_font.so
798a58404000-798a58405000 rw-p 00000000 00:00 0 
798a58405000-798a58408000 r--p 00000000 103:02 9062188                   /usr/share/fonts/truetype/noto/NotoSansGothic-Regular.ttf
798a58408000-798a58420000 r--p 00000000 103:02 9062139                   /usr/share/fonts/truetype/noto/NotoSansAdlam-Regular.ttf
798a58420000-798a58472000 r--p 00000000 103:02 9062043                   /usr/share/fonts/truetype/dejavu/DejaVuSansMono-Bold.ttf
798a58472000-798a584f0000 r--p 00000000 103:02 9062137                   /usr/share/fonts/truetype/noto/NotoSans-Regular.ttf
798a584f0000-798a584f4000 ---p 00000000 00:00 0 
798a584f4000-798a58cf7000 rw-p 00000000 00:00 0 
798a58cf7000-798a58cfb000 ---p 00000000 00:00 0 
798a58cfb000-798a595f8000 rw-p 00000000 00:00 0 
798a595f8000-798a59622000 r--p 00000000 103:02 9057735                   /usr/share/glib-2.0/schemas/gschemas.compiled
798a59622000-798a59626000 ---p 00000000 00:00 0 
798a59626000-798a59722000 rw-p 00000000 00:00 0 
798a59722000-798a59728000 r--p 00000000 103:02 8943983                   /usr/lib/x86_64-linux-gnu/libmvec.so.1
798a59728000-798a5974b000 r-xp 00006000 103:02 8943983                   /usr/lib/x86_64-linux-gnu/libmvec.so.1
798a5974b000-798a5981b000 r--p 00029000 103:02 8943983                   /usr/lib/x86_64-linux-gnu/libmvec.so.1
798a5981b000-798a5981c000 r--p 000f8000 103:02 8943983                   /usr/lib/x86_64-linux-gnu/libmvec.so.1
798a5981c000-798a5981d000 rw-p 000f9000 103:02 8943983                   /usr/lib/x86_64-linux-gnu/libmvec.so.1
798a5981d000-798a5981f000 r--p 00000000 103:02 8944040                   /usr/lib/x86_64-linux-gnu/libogg.so.0.8.6
798a5981f000-798a59822000 r-xp 00002000 103:02 8944040                   /usr/lib/x86_64-linux-gnu/libogg.so.0.8.6
798a59822000-798a59825000 r--p 00005000 103:02 8944040                   /usr/lib/x86_64-linux-gnu/libogg.so.0.8.6
798a59825000-798a59826000 r--p 00008000 103:02 8944040                   /usr/lib/x86_64-linux-gnu/libogg.so.0.8.6
798a59826000-798a59827000 rw-p 00009000 103:02 8944040                   /usr/lib/x86_64-linux-gnu/libogg.so.0.8.6
798a59827000-798a5982a000 r--p 00000000 103:02 8944258                   /usr/lib/x86_64-linux-gnu/libvorbis.so.0.4.9
798a5982a000-798a59843000 r-xp 00003000 103:02 8944258                   /usr/lib/x86_64-linux-gnu/libvorbis.so.0.4.9
798a59843000-798a59854000 r--p 0001c000 103:02 8944258                   /usr/lib/x86_64-linux-gnu/libvorbis.so.0.4.9
798a59854000-798a59855000 r--p 0002c000 103:02 8944258                   /usr/lib/x86_64-linux-gnu/libvorbis.so.0.4.9
798a59855000-798a59856000 rw-p 0002d000 103:02 8944258                   /usr/lib/x86_64-linux-gnu/libvorbis.so.0.4.9
798a59856000-798a59858000 r--p 00000000 103:02 8943942                   /usr/lib/x86_64-linux-gnu/libltdl.so.7.3.3
798a59858000-798a5985d000 r-xp 00002000 103:02 8943942                   /usr/lib/x86_64-linux-gnu/libltdl.so.7.3.3
798a5985d000-798a5985f000 r--p 00007000 103:02 8943942                   /usr/lib/x86_64-linux-gnu/libltdl.so.7.3.3
798a5985f000-798a59860000 r--p 00009000 103:02 8943942                   /usr/lib/x86_64-linux-gnu/libltdl.so.7.3.3
798a59860000-798a59861000 rw-p 0000a000 103:02 8943942                   /usr/lib/x86_64-linux-gnu/libltdl.so.7.3.3
798a59861000-798a59865000 r--p 00000000 103:02 8944195                   /usr/lib/x86_64-linux-gnu/libtdb.so.1.4.14
798a59865000-798a59873000 r-xp 00004000 103:02 8944195                   /usr/lib/x86_64-linux-gnu/libtdb.so.1.4.14
798a59873000-798a59878000 r--p 00012000 103:02 8944195                   /usr/lib/x86_64-linux-gnu/libtdb.so.1.4.14
798a59878000-798a59879000 r--p 00016000 103:02 8944195                   /usr/lib/x86_64-linux-gnu/libtdb.so.1.4.14
798a59879000-798a5987a000 rw-p 00017000 103:02 8944195                   /usr/lib/x86_64-linux-gnu/libtdb.so.1.4.14
798a5987a000-798a5987c000 r--p 00000000 103:02 8944260                   /usr/lib/x86_64-linux-gnu/libvorbisfile.so.3.3.8
798a5987c000-798a59882000 r-xp 00002000 103:02 8944260                   /usr/lib/x86_64-linux-gnu/libvorbisfile.so.3.3.8
798a59882000-798a59883000 r--p 00008000 103:02 8944260                   /usr/lib/x86_64-linux-gnu/libvorbisfile.so.3.3.8
798a59883000-798a59884000 r--p 00008000 103:02 8944260                   /usr/lib/x86_64-linux-gnu/libvorbisfile.so.3.3.8
798a59884000-798a59885000 rw-p 00009000 103:02 8944260                   /usr/lib/x86_64-linux-gnu/libvorbisfile.so.3.3.8
798a59885000-798a59888000 r--p 00000000 103:02 8943641                   /usr/lib/x86_64-linux-gnu/libcanberra.so.0.2.5
798a59888000-798a59892000 r-xp 00003000 103:02 8943641                   /usr/lib/x86_64-linux-gnu/libcanberra.so.0.2.5
798a59892000-798a59895000 r--p 0000d000 103:02 8943641                   /usr/lib/x86_64-linux-gnu/libcanberra.so.0.2.5
798a59895000-798a59896000 r--p 0000f000 103:02 8943641                   /usr/lib/x86_64-linux-gnu/libcanberra.so.0.2.5
798a59896000-798a59897000 rw-p 00010000 103:02 8943641                   /usr/lib/x86_64-linux-gnu/libcanberra.so.0.2.5
798a59897000-798a5989a000 r--p 00000000 103:02 9062182                   /usr/share/fonts/truetype/noto/NotoSansElymaic-Regular.ttf
798a5989a000-798a5989e000 r--p 00000000 103:02 8945352                   /usr/lib/x86_64-linux-gnu/gio/modules/libdconfsettings.so
798a5989e000-798a598a5000 r-xp 00004000 103:02 8945352                   /usr/lib/x86_64-linux-gnu/gio/modules/libdconfsettings.so
798a598a5000-798a598a7000 r--p 0000b000 103:02 8945352                   /usr/lib/x86_64-linux-gnu/gio/modules/libdconfsettings.so
798a598a7000-798a598a8000 r--p 0000d000 103:02 8945352                   /usr/lib/x86_64-linux-gnu/gio/modules/libdconfsettings.so
798a598a8000-798a598a9000 rw-p 0000e000 103:02 8945352                   /usr/lib/x86_64-linux-gnu/gio/modules/libdconfsettings.so
798a598a9000-798a598bc000 r--p 00000000 103:02 8945586                   /usr/lib/x86_64-linux-gnu/gvfs/libgvfscommon.so
798a598bc000-798a598d8000 r-xp 00013000 103:02 8945586                   /usr/lib/x86_64-linux-gnu/gvfs/libgvfscommon.so
798a598d8000-798a598e4000 r--p 0002f000 103:02 8945586                   /usr/lib/x86_64-linux-gnu/gvfs/libgvfscommon.so
798a598e4000-798a598ea000 r--p 0003a000 103:02 8945586                   /usr/lib/x86_64-linux-gnu/gvfs/libgvfscommon.so
798a598ea000-798a598eb000 rw-p 00040000 103:02 8945586                   /usr/lib/x86_64-linux-gnu/gvfs/libgvfscommon.so
798a598eb000-798a599a0000 r--p 00000000 103:02 9315746                   /usr/share/themes/Yaru-red-dark/gtk-3.0/gtk.gresource
798a599a0000-798a599fe000 r--s 00000000 103:02 14156231                  /var/cache/fontconfig/2300eef321c393bfd76478a5c0e95b23-le64.cache-9
798a599fe000-798a5aa00000 rw-p 00000000 00:00 0 
798a5aa00000-798a5aa44000 r-xp 00000000 103:02 3944172                   /home/adam/.openjfx/cache/13/libglassgtk3.so
798a5aa44000-798a5ac44000 ---p 00044000 103:02 3944172                   /home/adam/.openjfx/cache/13/libglassgtk3.so
798a5ac44000-798a5ac46000 r--p 00044000 103:02 3944172                   /home/adam/.openjfx/cache/13/libglassgtk3.so
798a5ac46000-798a5ac47000 rw-p 00046000 103:02 3944172                   /home/adam/.openjfx/cache/13/libglassgtk3.so
798a5ac47000-798a5ac48000 rw-p 00000000 00:00 0 
798a5ac48000-798a5ac49000 rw-p 00000000 00:00 0 
798a5ac49000-798a5ac4f000 r--p 00000000 103:02 9062147                   /usr/share/fonts/truetype/noto/NotoSansAvestan-Regular.ttf
798a5ac4f000-798a5ac51000 r--p 00000000 103:02 8943640                   /usr/lib/x86_64-linux-gnu/libcanberra-gtk3.so.0.1.9
798a5ac51000-798a5ac53000 r-xp 00002000 103:02 8943640                   /usr/lib/x86_64-linux-gnu/libcanberra-gtk3.so.0.1.9
798a5ac53000-798a5ac54000 r--p 00004000 103:02 8943640                   /usr/lib/x86_64-linux-gnu/libcanberra-gtk3.so.0.1.9
798a5ac54000-798a5ac55000 r--p 00004000 103:02 8943640                   /usr/lib/x86_64-linux-gnu/libcanberra-gtk3.so.0.1.9
798a5ac55000-798a5ac56000 rw-p 00005000 103:02 8943640                   /usr/lib/x86_64-linux-gnu/libcanberra-gtk3.so.0.1.9
798a5ac56000-798a5ac58000 r--p 00000000 103:02 8945583                   /usr/lib/x86_64-linux-gnu/gtk-3.0/modules/libcanberra-gtk3-module.so
798a5ac58000-798a5ac5b000 r-xp 00002000 103:02 8945583                   /usr/lib/x86_64-linux-gnu/gtk-3.0/modules/libcanberra-gtk3-module.so
798a5ac5b000-798a5ac5c000 r--p 00005000 103:02 8945583                   /usr/lib/x86_64-linux-gnu/gtk-3.0/modules/libcanberra-gtk3-module.so
798a5ac5c000-798a5ac5d000 r--p 00005000 103:02 8945583                   /usr/lib/x86_64-linux-gnu/gtk-3.0/modules/libcanberra-gtk3-module.so
798a5ac5d000-798a5ac5e000 rw-p 00006000 103:02 8945583                   /usr/lib/x86_64-linux-gnu/gtk-3.0/modules/libcanberra-gtk3-module.so
798a5ac5e000-798a5ac69000 r--p 00000000 103:02 8945357                   /usr/lib/x86_64-linux-gnu/gio/modules/libgvfsdbus.so
798a5ac69000-798a5ac87000 r-xp 0000b000 103:02 8945357                   /usr/lib/x86_64-linux-gnu/gio/modules/libgvfsdbus.so
798a5ac87000-798a5ac8f000 r--p 00029000 103:02 8945357                   /usr/lib/x86_64-linux-gnu/gio/modules/libgvfsdbus.so
798a5ac8f000-798a5ac91000 r--p 00031000 103:02 8945357                   /usr/lib/x86_64-linux-gnu/gio/modules/libgvfsdbus.so
798a5ac91000-798a5ac92000 rw-p 00033000 103:02 8945357                   /usr/lib/x86_64-linux-gnu/gio/modules/libgvfsdbus.so
798a5ac92000-798a5aca0000 r--s 00000000 103:02 14156246                  /var/cache/fontconfig/a4e60e8d1e10d2fdff3fe3037a1845fb-le64.cache-9
798a5aca0000-798a5ad15000 r--s 00000000 103:02 14156229                  /var/cache/fontconfig/0bd3dc0958fa2205aaaa8ebb13e2872b-le64.cache-9
798a5ad15000-798a5ad1d000 r--s 00000000 103:02 14156232                  /var/cache/fontconfig/3047814df9a2f067bd2d96a2b9c36e5a-le64.cache-9
798a5ad1d000-798a5ad23000 r--s 00000000 103:02 14156250                  /var/cache/fontconfig/d589a48862398ed80a3d6066f4f56f4c-le64.cache-9
798a5ad23000-798a5ad33000 r--s 00000000 103:02 14156240                  /var/cache/fontconfig/6cc790b63b123a6a96ee260fcdad32a9-le64.cache-9
798a5ad33000-798a5ad44000 r--s 00000000 103:02 14156244                  /var/cache/fontconfig/9b89f8e3dae116d678bbf48e5f21f69b-le64.cache-9
798a5ad44000-798a5ad45000 r--p 00000000 103:02 8943623                   /usr/lib/x86_64-linux-gnu/libbrotlicommon.so.1.2.0
798a5ad45000-798a5ad46000 r-xp 00001000 103:02 8943623                   /usr/lib/x86_64-linux-gnu/libbrotlicommon.so.1.2.0
798a5ad46000-798a5ad65000 r--p 00002000 103:02 8943623                   /usr/lib/x86_64-linux-gnu/libbrotlicommon.so.1.2.0
798a5ad65000-798a5ad66000 r--p 00021000 103:02 8943623                   /usr/lib/x86_64-linux-gnu/libbrotlicommon.so.1.2.0
798a5ad66000-798a5ad67000 rw-p 00022000 103:02 8943623                   /usr/lib/x86_64-linux-gnu/libbrotlicommon.so.1.2.0
798a5ad67000-798a5ad80000 r--p 00000000 103:02 8944190                   /usr/lib/x86_64-linux-gnu/libsystemd.so.0.42.0
798a5ad80000-798a5ae37000 r-xp 00019000 103:02 8944190                   /usr/lib/x86_64-linux-gnu/libsystemd.so.0.42.0
798a5ae37000-798a5ae71000 r--p 000d0000 103:02 8944190                   /usr/lib/x86_64-linux-gnu/libsystemd.so.0.42.0
798a5ae71000-798a5ae79000 r--p 0010a000 103:02 8944190                   /usr/lib/x86_64-linux-gnu/libsystemd.so.0.42.0
798a5ae79000-798a5ae7a000 rw-p 00112000 103:02 8944190                   /usr/lib/x86_64-linux-gnu/libsystemd.so.0.42.0
798a5ae7a000-798a5ae7b000 rw-p 00000000 00:00 0 
798a5ae7b000-798a5ae7e000 r--p 00000000 103:02 8944144                   /usr/lib/x86_64-linux-gnu/libseccomp.so.2.6.0
798a5ae7e000-798a5ae8e000 r-xp 00003000 103:02 8944144                   /usr/lib/x86_64-linux-gnu/libseccomp.so.2.6.0
798a5ae8e000-798a5aea7000 r--p 00013000 103:02 8944144                   /usr/lib/x86_64-linux-gnu/libseccomp.so.2.6.0
798a5aea7000-798a5aea8000 r--p 0002c000 103:02 8944144                   /usr/lib/x86_64-linux-gnu/libseccomp.so.2.6.0
798a5aea8000-798a5aea9000 rw-p 0002d000 103:02 8944144                   /usr/lib/x86_64-linux-gnu/libseccomp.so.2.6.0
798a5aea9000-798a5aeb3000 r--p 00000000 103:02 8915257                   /usr/lib/x86_64-linux-gnu/liblcms2.so.2.0.17
798a5aeb3000-798a5aef7000 r-xp 0000a000 103:02 8915257                   /usr/lib/x86_64-linux-gnu/liblcms2.so.2.0.17
798a5aef7000-798a5af0a000 r--p 0004e000 103:02 8915257                   /usr/lib/x86_64-linux-gnu/liblcms2.so.2.0.17
798a5af0a000-798a5af0c000 r--p 00061000 103:02 8915257                   /usr/lib/x86_64-linux-gnu/liblcms2.so.2.0.17
798a5af0c000-798a5af0f000 rw-p 00063000 103:02 8915257                   /usr/lib/x86_64-linux-gnu/liblcms2.so.2.0.17
798a5af0f000-798a5af10000 rw-p 00000000 00:00 0 
798a5af10000-798a5af11000 r--p 00000000 103:02 8943624                   /usr/lib/x86_64-linux-gnu/libbrotlidec.so.1.2.0
798a5af11000-798a5af1a000 r-xp 00001000 103:02 8943624                   /usr/lib/x86_64-linux-gnu/libbrotlidec.so.1.2.0
798a5af1a000-798a5af1d000 r--p 0000a000 103:02 8943624                   /usr/lib/x86_64-linux-gnu/libbrotlidec.so.1.2.0
798a5af1d000-798a5af1e000 r--p 0000c000 103:02 8943624                   /usr/lib/x86_64-linux-gnu/libbrotlidec.so.1.2.0
798a5af1e000-798a5af1f000 rw-p 0000d000 103:02 8943624                   /usr/lib/x86_64-linux-gnu/libbrotlidec.so.1.2.0
798a5af1f000-798a5af21000 r--p 00000000 103:02 8943628                   /usr/lib/x86_64-linux-gnu/libbz2.so.1.0.4
798a5af21000-798a5af30000 r-xp 00002000 103:02 8943628                   /usr/lib/x86_64-linux-gnu/libbz2.so.1.0.4
798a5af30000-798a5af32000 r--p 00011000 103:02 8943628                   /usr/lib/x86_64-linux-gnu/libbz2.so.1.0.4
798a5af32000-798a5af33000 r--p 00012000 103:02 8943628                   /usr/lib/x86_64-linux-gnu/libbz2.so.1.0.4
798a5af33000-798a5af34000 rw-p 00013000 103:02 8943628                   /usr/lib/x86_64-linux-gnu/libbz2.so.1.0.4
798a5af34000-798a5af3b000 r--p 00000000 103:02 8943618                   /usr/lib/x86_64-linux-gnu/libblkid.so.1.1.0
798a5af3b000-798a5af60000 r-xp 00007000 103:02 8943618                   /usr/lib/x86_64-linux-gnu/libblkid.so.1.1.0
798a5af60000-798a5af69000 r--p 0002c000 103:02 8943618                   /usr/lib/x86_64-linux-gnu/libblkid.so.1.1.0
798a5af69000-798a5af6f000 r--p 00034000 103:02 8943618                   /usr/lib/x86_64-linux-gnu/libblkid.so.1.1.0
798a5af6f000-798a5af70000 rw-p 0003a000 103:02 8943618                   /usr/lib/x86_64-linux-gnu/libblkid.so.1.1.0
798a5af70000-798a5af7c000 r--p 00000000 103:02 8943675                   /usr/lib/x86_64-linux-gnu/libdbus-1.so.3.38.3
798a5af7c000-798a5afad000 r-xp 0000c000 103:02 8943675                   /usr/lib/x86_64-linux-gnu/libdbus-1.so.3.38.3
798a5afad000-798a5afbe000 r--p 0003d000 103:02 8943675                   /usr/lib/x86_64-linux-gnu/libdbus-1.so.3.38.3
798a5afbe000-798a5afbf000 r--p 0004d000 103:02 8943675                   /usr/lib/x86_64-linux-gnu/libdbus-1.so.3.38.3
798a5afbf000-798a5afc0000 rw-p 0004e000 103:02 8943675                   /usr/lib/x86_64-linux-gnu/libdbus-1.so.3.38.3
798a5afc0000-798a5afd1000 r--p 00000000 103:02 8943588                   /usr/lib/x86_64-linux-gnu/libatspi.so.0.0.1
798a5afd1000-798a5afed000 r-xp 00011000 103:02 8943588                   /usr/lib/x86_64-linux-gnu/libatspi.so.0.0.1
798a5afed000-798a5affb000 r--p 0002d000 103:02 8943588                   /usr/lib/x86_64-linux-gnu/libatspi.so.0.0.1
798a5affb000-798a5afff000 r--p 0003a000 103:02 8943588                   /usr/lib/x86_64-linux-gnu/libatspi.so.0.0.1
798a5afff000-798a5b000000 rw-p 0003e000 103:02 8943588                   /usr/lib/x86_64-linux-gnu/libatspi.so.0.0.1
798a5b000000-798a5b027000 r--p 00000000 103:02 8943790                   /usr/lib/x86_64-linux-gnu/libglycin-2.so.0
798a5b027000-798a5b33d000 r-xp 00027000 103:02 8943790                   /usr/lib/x86_64-linux-gnu/libglycin-2.so.0
798a5b33d000-798a5b3d8000 r--p 0033d000 103:02 8943790                   /usr/lib/x86_64-linux-gnu/libglycin-2.so.0
798a5b3d8000-798a5b3f1000 r--p 003d7000 103:02 8943790                   /usr/lib/x86_64-linux-gnu/libglycin-2.so.0
798a5b3f1000-798a5b3f4000 rw-p 003f0000 103:02 8943790                   /usr/lib/x86_64-linux-gnu/libglycin-2.so.0
798a5b3f4000-798a5b3f8000 r--p 00000000 103:02 9062171                   /usr/share/fonts/truetype/noto/NotoSansCypriot-Regular.ttf
798a5b3f8000-798a5b3fa000 r--p 00000000 103:02 8943471                   /usr/lib/x86_64-linux-gnu/libXtst.so.6.1.0
798a5b3fa000-798a5b3fd000 r-xp 00002000 103:02 8943471                   /usr/lib/x86_64-linux-gnu/libXtst.so.6.1.0
798a5b3fd000-798a5b3fe000 r--p 00005000 103:02 8943471                   /usr/lib/x86_64-linux-gnu/libXtst.so.6.1.0
798a5b3fe000-798a5b3ff000 r--p 00005000 103:02 8943471                   /usr/lib/x86_64-linux-gnu/libXtst.so.6.1.0
798a5b3ff000-798a5b400000 rw-p 00006000 103:02 8943471                   /usr/lib/x86_64-linux-gnu/libXtst.so.6.1.0
798a5b400000-798a5b48b000 r--p 00000000 103:02 8943846                   /usr/lib/x86_64-linux-gnu/libgtk-3.so.0.2420.32
798a5b48b000-798a5b83f000 r-xp 0008b000 103:02 8943846                   /usr/lib/x86_64-linux-gnu/libgtk-3.so.0.2420.32
798a5b83f000-798a5bb01000 r--p 0043f000 103:02 8943846                   /usr/lib/x86_64-linux-gnu/libgtk-3.so.0.2420.32
798a5bb01000-798a5bb13000 r--p 00701000 103:02 8943846                   /usr/lib/x86_64-linux-gnu/libgtk-3.so.0.2420.32
798a5bb13000-798a5bb15000 rw-p 00713000 103:02 8943846                   /usr/lib/x86_64-linux-gnu/libgtk-3.so.0.2420.32
798a5bb15000-798a5bb1a000 rw-p 00000000 00:00 0 
798a5bb1a000-798a5bb1e000 r--p 00000000 103:02 9062162                   /usr/share/fonts/truetype/noto/NotoSansCarian-Regular.ttf
798a5bb1e000-798a5bb1f000 r--p 00000000 103:02 8943845                   /usr/lib/x86_64-linux-gnu/libgthread-2.0.so.0.8800.0
798a5bb1f000-798a5bb20000 r-xp 00001000 103:02 8943845                   /usr/lib/x86_64-linux-gnu/libgthread-2.0.so.0.8800.0
798a5bb20000-798a5bb21000 r--p 00002000 103:02 8943845                   /usr/lib/x86_64-linux-gnu/libgthread-2.0.so.0.8800.0
798a5bb21000-798a5bb22000 r--p 00002000 103:02 8943845                   /usr/lib/x86_64-linux-gnu/libgthread-2.0.so.0.8800.0
798a5bb22000-798a5bb23000 rw-p 00003000 103:02 8943845                   /usr/lib/x86_64-linux-gnu/libgthread-2.0.so.0.8800.0
798a5bb23000-798a5bb26000 r--p 00000000 103:02 8943816                   /usr/lib/x86_64-linux-gnu/libgraphite2.so.3.2.1
798a5bb26000-798a5bb43000 r-xp 00003000 103:02 8943816                   /usr/lib/x86_64-linux-gnu/libgraphite2.so.3.2.1
798a5bb43000-798a5bb46000 r--p 00020000 103:02 8943816                   /usr/lib/x86_64-linux-gnu/libgraphite2.so.3.2.1
798a5bb46000-798a5bb48000 r--p 00022000 103:02 8943816                   /usr/lib/x86_64-linux-gnu/libgraphite2.so.3.2.1
798a5bb48000-798a5bb49000 rw-p 00024000 103:02 8943816                   /usr/lib/x86_64-linux-gnu/libgraphite2.so.3.2.1
798a5bb49000-798a5bb55000 r--p 00000000 103:02 8944078                   /usr/lib/x86_64-linux-gnu/libpixman-1.so.0.46.4
798a5bb55000-798a5bbe7000 r-xp 0000c000 103:02 8944078                   /usr/lib/x86_64-linux-gnu/libpixman-1.so.0.46.4
798a5bbe7000-798a5bbf7000 r--p 0009e000 103:02 8944078                   /usr/lib/x86_64-linux-gnu/libpixman-1.so.0.46.4
798a5bbf7000-798a5bbff000 r--p 000ae000 103:02 8944078                   /usr/lib/x86_64-linux-gnu/libpixman-1.so.0.46.4
798a5bbff000-798a5bc00000 rw-p 000b6000 103:02 8944078                   /usr/lib/x86_64-linux-gnu/libpixman-1.so.0.46.4
798a5bc00000-798a5bc01000 r-xp 00000000 103:02 3944171                   /home/adam/.openjfx/cache/13/libglass.so
798a5bc01000-798a5be01000 ---p 00001000 103:02 3944171                   /home/adam/.openjfx/cache/13/libglass.so
798a5be01000-798a5be02000 r--p 00001000 103:02 3944171                   /home/adam/.openjfx/cache/13/libglass.so
798a5be02000-798a5be03000 rw-p 00002000 103:02 3944171                   /home/adam/.openjfx/cache/13/libglass.so
798a5be03000-798a5be08000 r--p 00000000 103:02 8944298                   /usr/lib/x86_64-linux-gnu/libxcb-render.so.0.0.0
798a5be08000-798a5be0d000 r-xp 00005000 103:02 8944298                   /usr/lib/x86_64-linux-gnu/libxcb-render.so.0.0.0
798a5be0d000-798a5be10000 r--p 0000a000 103:02 8944298                   /usr/lib/x86_64-linux-gnu/libxcb-render.so.0.0.0
798a5be10000-798a5be11000 r--p 0000c000 103:02 8944298                   /usr/lib/x86_64-linux-gnu/libxcb-render.so.0.0.0
798a5be11000-798a5be12000 rw-p 0000d000 103:02 8944298                   /usr/lib/x86_64-linux-gnu/libxcb-render.so.0.0.0
798a5be12000-798a5be1f000 r--p 00000000 103:02 8943756                   /usr/lib/x86_64-linux-gnu/libfreetype.so.6.20.5
798a5be1f000-798a5beb6000 r-xp 0000d000 103:02 8943756                   /usr/lib/x86_64-linux-gnu/libfreetype.so.6.20.5
798a5beb6000-798a5bede000 r--p 000a4000 103:02 8943756                   /usr/lib/x86_64-linux-gnu/libfreetype.so.6.20.5
798a5bede000-798a5bee6000 r--p 000cc000 103:02 8943756                   /usr/lib/x86_64-linux-gnu/libfreetype.so.6.20.5
798a5bee6000-798a5bee7000 rw-p 000d4000 103:02 8943756                   /usr/lib/x86_64-linux-gnu/libfreetype.so.6.20.5
798a5bee7000-798a5beec000 r--p 00000000 103:02 8944087                   /usr/lib/x86_64-linux-gnu/libpng16.so.16.57.0
798a5beec000-798a5bf16000 r-xp 00005000 103:02 8944087                   /usr/lib/x86_64-linux-gnu/libpng16.so.16.57.0
798a5bf16000-798a5bf1f000 r--p 0002f000 103:02 8944087                   /usr/lib/x86_64-linux-gnu/libpng16.so.16.57.0
798a5bf1f000-798a5bf20000 r--p 00037000 103:02 8944087                   /usr/lib/x86_64-linux-gnu/libpng16.so.16.57.0
798a5bf20000-798a5bf21000 rw-p 00038000 103:02 8944087                   /usr/lib/x86_64-linux-gnu/libpng16.so.16.57.0
798a5bf21000-798a5bf28000 r--p 00000000 103:02 8944146                   /usr/lib/x86_64-linux-gnu/libselinux.so.1
798a5bf28000-798a5bf49000 r-xp 00007000 103:02 8944146                   /usr/lib/x86_64-linux-gnu/libselinux.so.1
798a5bf49000-798a5bf50000 r--p 00028000 103:02 8944146                   /usr/lib/x86_64-linux-gnu/libselinux.so.1
798a5bf50000-798a5bf51000 r--p 0002f000 103:02 8944146                   /usr/lib/x86_64-linux-gnu/libselinux.so.1
798a5bf51000-798a5bf52000 rw-p 00030000 103:02 8944146                   /usr/lib/x86_64-linux-gnu/libselinux.so.1
798a5bf52000-798a5bf54000 rw-p 00000000 00:00 0 
798a5bf54000-798a5bf57000 r--p 00000000 103:02 8944070                   /usr/lib/x86_64-linux-gnu/libpcre2-8.so.0.14.0
798a5bf57000-798a5bfd3000 r-xp 00003000 103:02 8944070                   /usr/lib/x86_64-linux-gnu/libpcre2-8.so.0.14.0
798a5bfd3000-798a5bffe000 r--p 0007f000 103:02 8944070                   /usr/lib/x86_64-linux-gnu/libpcre2-8.so.0.14.0
798a5bffe000-798a5bfff000 r--p 000a9000 103:02 8944070                   /usr/lib/x86_64-linux-gnu/libpcre2-8.so.0.14.0
798a5bfff000-798a5c000000 rw-p 000aa000 103:02 8944070                   /usr/lib/x86_64-linux-gnu/libpcre2-8.so.0.14.0
798a5c000000-798a5c021000 rw-p 00000000 00:00 0 
798a5c021000-798a60000000 ---p 00000000 00:00 0 
798a60000000-798a6007e000 rw-p 00000000 00:00 0 
798a6007e000-798a64000000 ---p 00000000 00:00 0 
798a64000000-798a64021000 rw-p 00000000 00:00 0 
798a64021000-798a68000000 ---p 00000000 00:00 0 
798a68000000-798a68002000 r--p 00000000 103:02 9062225                   /usr/share/fonts/truetype/noto/NotoSansLycian-Regular.ttf
798a68002000-798a68003000 r--p 00000000 103:02 8943452                   /usr/lib/x86_64-linux-gnu/libXRes.so.1.0.0
798a68003000-798a68005000 r-xp 00001000 103:02 8943452                   /usr/lib/x86_64-linux-gnu/libXRes.so.1.0.0
798a68005000-798a68006000 r--p 00003000 103:02 8943452                   /usr/lib/x86_64-linux-gnu/libXRes.so.1.0.0
798a68006000-798a68007000 r--p 00003000 103:02 8943452                   /usr/lib/x86_64-linux-gnu/libXRes.so.1.0.0
798a68007000-798a68008000 rw-p 00004000 103:02 8943452                   /usr/lib/x86_64-linux-gnu/libXRes.so.1.0.0
798a68008000-798a6800a000 r--p 00000000 103:02 8943469                   /usr/lib/x86_64-linux-gnu/libXrender.so.1.3.0
798a6800a000-798a68011000 r-xp 00002000 103:02 8943469                   /usr/lib/x86_64-linux-gnu/libXrender.so.1.3.0
798a68011000-798a68012000 r--p 00009000 103:02 8943469                   /usr/lib/x86_64-linux-gnu/libXrender.so.1.3.0
798a68012000-798a68013000 r--p 00009000 103:02 8943469                   /usr/lib/x86_64-linux-gnu/libXrender.so.1.3.0
798a68013000-798a68014000 rw-p 0000a000 103:02 8943469                   /usr/lib/x86_64-linux-gnu/libXrender.so.1.3.0
798a68014000-798a68016000 r--p 00000000 103:02 8944199                   /usr/lib/x86_64-linux-gnu/libthai.so.0.3.2
798a68016000-798a6801b000 r-xp 00002000 103:02 8944199                   /usr/lib/x86_64-linux-gnu/libthai.so.0.3.2
798a6801b000-798a6801e000 r--p 00007000 103:02 8944199                   /usr/lib/x86_64-linux-gnu/libthai.so.0.3.2
798a6801e000-798a6801f000 r--p 00009000 103:02 8944199                   /usr/lib/x86_64-linux-gnu/libthai.so.0.3.2
798a6801f000-798a68020000 rw-p 0000a000 103:02 8944199                   /usr/lib/x86_64-linux-gnu/libthai.so.0.3.2
798a68020000-798a6802a000 r--p 00000000 103:02 8943972                   /usr/lib/x86_64-linux-gnu/libmount.so.1.1.0
798a6802a000-798a68062000 r-xp 0000a000 103:02 8943972                   /usr/lib/x86_64-linux-gnu/libmount.so.1.1.0
798a68062000-798a68070000 r--p 00042000 103:02 8943972                   /usr/lib/x86_64-linux-gnu/libmount.so.1.1.0
798a68070000-798a68072000 r--p 00050000 103:02 8943972                   /usr/lib/x86_64-linux-gnu/libmount.so.1.1.0
798a68072000-798a68073000 rw-p 00052000 103:02 8943972                   /usr/lib/x86_64-linux-gnu/libmount.so.1.1.0
798a68073000-798a68075000 r--p 00000000 103:02 8943586                   /usr/lib/x86_64-linux-gnu/libatomic.so.1.2.0
798a68075000-798a68079000 r-xp 00002000 103:02 8943586                   /usr/lib/x86_64-linux-gnu/libatomic.so.1.2.0
798a68079000-798a6807b000 r--p 00006000 103:02 8943586                   /usr/lib/x86_64-linux-gnu/libatomic.so.1.2.0
798a6807b000-798a6807c000 r--p 00007000 103:02 8943586                   /usr/lib/x86_64-linux-gnu/libatomic.so.1.2.0
798a6807c000-798a6807d000 rw-p 00008000 103:02 8943586                   /usr/lib/x86_64-linux-gnu/libatomic.so.1.2.0
798a6807d000-798a6807e000 rw-p 00000000 00:00 0 
798a6807e000-798a68080000 r--p 00000000 103:02 8943468                   /usr/lib/x86_64-linux-gnu/libXrandr.so.2.2.0
798a68080000-798a68087000 r-xp 00002000 103:02 8943468                   /usr/lib/x86_64-linux-gnu/libXrandr.so.2.2.0
798a68087000-798a68089000 r--p 00009000 103:02 8943468                   /usr/lib/x86_64-linux-gnu/libXrandr.so.2.2.0
798a68089000-798a6808a000 r--p 0000a000 103:02 8943468                   /usr/lib/x86_64-linux-gnu/libXrandr.so.2.2.0
798a6808a000-798a6808b000 rw-p 0000b000 103:02 8943468                   /usr/lib/x86_64-linux-gnu/libXrandr.so.2.2.0
798a6808b000-798a6808e000 r--p 00000000 103:02 8943456                   /usr/lib/x86_64-linux-gnu/libXcursor.so.1.0.2
798a6808e000-798a68094000 r-xp 00003000 103:02 8943456                   /usr/lib/x86_64-linux-gnu/libXcursor.so.1.0.2
798a68094000-798a68096000 r--p 00009000 103:02 8943456                   /usr/lib/x86_64-linux-gnu/libXcursor.so.1.0.2
798a68096000-798a68097000 r--p 0000a000 103:02 8943456                   /usr/lib/x86_64-linux-gnu/libXcursor.so.1.0.2
798a68097000-798a68098000 rw-p 0000b000 103:02 8943456                   /usr/lib/x86_64-linux-gnu/libXcursor.so.1.0.2
798a68098000-798a6809e000 r--p 00000000 103:02 8944307                   /usr/lib/x86_64-linux-gnu/libxkbcommon.so.0.13.1
798a6809e000-798a680cc000 r-xp 00006000 103:02 8944307                   /usr/lib/x86_64-linux-gnu/libxkbcommon.so.0.13.1
798a680cc000-798a680f4000 r--p 00034000 103:02 8944307                   /usr/lib/x86_64-linux-gnu/libxkbcommon.so.0.13.1
798a680f4000-798a680f6000 r--p 0005b000 103:02 8944307                   /usr/lib/x86_64-linux-gnu/libxkbcommon.so.0.13.1
798a680f6000-798a680f7000 rw-p 0005d000 103:02 8944307                   /usr/lib/x86_64-linux-gnu/libxkbcommon.so.0.13.1
798a680f7000-798a68103000 r--p 00000000 103:02 8943862                   /usr/lib/x86_64-linux-gnu/libharfbuzz.so.0.61232.0
798a68103000-798a681ef000 r-xp 0000c000 103:02 8943862                   /usr/lib/x86_64-linux-gnu/libharfbuzz.so.0.61232.0
798a681ef000-798a68220000 r--p 000f8000 103:02 8943862                   /usr/lib/x86_64-linux-gnu/libharfbuzz.so.0.61232.0
798a68220000-798a68221000 r--p 00128000 103:02 8943862                   /usr/lib/x86_64-linux-gnu/libharfbuzz.so.0.61232.0
798a68221000-798a68222000 rw-p 00129000 103:02 8943862                   /usr/lib/x86_64-linux-gnu/libharfbuzz.so.0.61232.0
798a68222000-798a6825f000 r--p 00000000 103:02 8943785                   /usr/lib/x86_64-linux-gnu/libgio-2.0.so.0.8800.0
798a6825f000-798a6837d000 r-xp 0003d000 103:02 8943785                   /usr/lib/x86_64-linux-gnu/libgio-2.0.so.0.8800.0
798a6837d000-798a683f3000 r--p 0015b000 103:02 8943785                   /usr/lib/x86_64-linux-gnu/libgio-2.0.so.0.8800.0
798a683f3000-798a683fc000 r--p 001d0000 103:02 8943785                   /usr/lib/x86_64-linux-gnu/libgio-2.0.so.0.8800.0
798a683fc000-798a683fd000 rw-p 001d9000 103:02 8943785                   /usr/lib/x86_64-linux-gnu/libgio-2.0.so.0.8800.0
798a683fd000-798a683ff000 rw-p 00000000 00:00 0 
798a683ff000-798a68c00000 rw-p 00000000 00:00 0 
798a68c00000-798a6cf70000 r--p 00000000 103:02 8943442                   /usr/lib/x86_64-linux-gnu/libLLVM.so.21.1
798a6cf70000-798a70dc3000 r-xp 0436f000 103:02 8943442                   /usr/lib/x86_64-linux-gnu/libLLVM.so.21.1
798a70dc3000-798a70fe2000 r--p 081c1000 103:02 8943442                   /usr/lib/x86_64-linux-gnu/libLLVM.so.21.1
798a70fe2000-798a71029000 rw-p 083df000 103:02 8943442                   /usr/lib/x86_64-linux-gnu/libLLVM.so.21.1
798a71029000-798a710d6000 rw-p 00000000 00:00 0 
798a710d6000-798a710d8000 r--p 00000000 103:02 8943673                   /usr/lib/x86_64-linux-gnu/libdatrie.so.1.4.1
798a710d8000-798a710dc000 r-xp 00002000 103:02 8943673                   /usr/lib/x86_64-linux-gnu/libdatrie.so.1.4.1
798a710dc000-798a710dd000 r--p 00006000 103:02 8943673                   /usr/lib/x86_64-linux-gnu/libdatrie.so.1.4.1
798a710dd000-798a710de000 r--p 00006000 103:02 8943673                   /usr/lib/x86_64-linux-gnu/libdatrie.so.1.4.1
798a710de000-798a710df000 rw-p 00007000 103:02 8943673                   /usr/lib/x86_64-linux-gnu/libdatrie.so.1.4.1
798a710df000-798a7113f000 r--p 00000000 103:02 8943724                   /usr/lib/x86_64-linux-gnu/libepoxy.so.0.0.0
798a7113f000-798a711ac000 r-xp 00060000 103:02 8943724                   /usr/lib/x86_64-linux-gnu/libepoxy.so.0.0.0
798a711ac000-798a711f1000 r--p 000cd000 103:02 8943724                   /usr/lib/x86_64-linux-gnu/libepoxy.so.0.0.0
798a711f1000-798a711f9000 r--p 00112000 103:02 8943724                   /usr/lib/x86_64-linux-gnu/libepoxy.so.0.0.0
798a711f9000-798a71200000 rw-p 0011a000 103:02 8943724                   /usr/lib/x86_64-linux-gnu/libepoxy.so.0.0.0
798a71200000-798a712dc000 r--p 00000000 103:02 8943763                   /usr/lib/x86_64-linux-gnu/libgallium-26.0.3-1ubuntu1.so
798a712dc000-798a72c7b000 r-xp 000dc000 103:02 8943763                   /usr/lib/x86_64-linux-gnu/libgallium-26.0.3-1ubuntu1.so
798a72c7b000-798a73c6a000 r--p 01a7b000 103:02 8943763                   /usr/lib/x86_64-linux-gnu/libgallium-26.0.3-1ubuntu1.so
798a73c6a000-798a73d5b000 r--p 02a69000 103:02 8943763                   /usr/lib/x86_64-linux-gnu/libgallium-26.0.3-1ubuntu1.so
798a73d5b000-798a73d82000 rw-p 02b5a000 103:02 8943763                   /usr/lib/x86_64-linux-gnu/libgallium-26.0.3-1ubuntu1.so
798a73d82000-798a73f4d000 rw-p 00000000 00:00 0 
798a73f4d000-798a73f4e000 r--p 00000000 103:02 8943464                   /usr/lib/x86_64-linux-gnu/libXinerama.so.1.0.0
798a73f4e000-798a73f4f000 r-xp 00001000 103:02 8943464                   /usr/lib/x86_64-linux-gnu/libXinerama.so.1.0.0
798a73f4f000-798a73f50000 r--p 00002000 103:02 8943464                   /usr/lib/x86_64-linux-gnu/libXinerama.so.1.0.0
798a73f50000-798a73f51000 r--p 00002000 103:02 8943464                   /usr/lib/x86_64-linux-gnu/libXinerama.so.1.0.0
798a73f51000-798a73f52000 rw-p 00003000 103:02 8943464                   /usr/lib/x86_64-linux-gnu/libXinerama.so.1.0.0
798a73f52000-798a73f54000 r--p 00000000 103:02 8944276                   /usr/lib/x86_64-linux-gnu/libwayland-cursor.so.0.24.0
798a73f54000-798a73f56000 r-xp 00002000 103:02 8944276                   /usr/lib/x86_64-linux-gnu/libwayland-cursor.so.0.24.0
798a73f56000-798a73f57000 r--p 00004000 103:02 8944276                   /usr/lib/x86_64-linux-gnu/libwayland-cursor.so.0.24.0
798a73f57000-798a73f58000 r--p 00004000 103:02 8944276                   /usr/lib/x86_64-linux-gnu/libwayland-cursor.so.0.24.0
798a73f58000-798a73f5c000 rw-p 00005000 103:02 8944276                   /usr/lib/x86_64-linux-gnu/libwayland-cursor.so.0.24.0
798a73f5c000-798a73f62000 r--p 00000000 103:02 8944275                   /usr/lib/x86_64-linux-gnu/libwayland-client.so.0.24.0
798a73f62000-798a73f69000 r-xp 00006000 103:02 8944275                   /usr/lib/x86_64-linux-gnu/libwayland-client.so.0.24.0
798a73f69000-798a73f6c000 r--p 0000d000 103:02 8944275                   /usr/lib/x86_64-linux-gnu/libwayland-client.so.0.24.0
798a73f6c000-798a73f6e000 r--p 0000f000 103:02 8944275                   /usr/lib/x86_64-linux-gnu/libwayland-client.so.0.24.0
798a73f6e000-798a73f6f000 rw-p 00011000 103:02 8944275                   /usr/lib/x86_64-linux-gnu/libwayland-client.so.0.24.0
798a73f6f000-798a73f7b000 r--p 00000000 103:02 8943585                   /usr/lib/x86_64-linux-gnu/libatk-bridge-2.0.so.0.0.0
798a73f7b000-798a73f96000 r-xp 0000c000 103:02 8943585                   /usr/lib/x86_64-linux-gnu/libatk-bridge-2.0.so.0.0.0
798a73f96000-798a73faa000 r--p 00027000 103:02 8943585                   /usr/lib/x86_64-linux-gnu/libatk-bridge-2.0.so.0.0.0
798a73faa000-798a73fab000 r--p 0003b000 103:02 8943585                   /usr/lib/x86_64-linux-gnu/libatk-bridge-2.0.so.0.0.0
798a73fab000-798a73fad000 rw-p 0003c000 103:02 8943585                   /usr/lib/x86_64-linux-gnu/libatk-bridge-2.0.so.0.0.0
798a73fad000-798a73fb5000 r--p 00000000 103:02 8943743                   /usr/lib/x86_64-linux-gnu/libfontconfig.so.1.16.1
798a73fb5000-798a73fe6000 r-xp 00008000 103:02 8943743                   /usr/lib/x86_64-linux-gnu/libfontconfig.so.1.16.1
798a73fe6000-798a73ffd000 r--p 00039000 103:02 8943743                   /usr/lib/x86_64-linux-gnu/libfontconfig.so.1.16.1
798a73ffd000-798a73fff000 r--p 00050000 103:02 8943743                   /usr/lib/x86_64-linux-gnu/libfontconfig.so.1.16.1
798a73fff000-798a74000000 rw-p 00052000 103:02 8943743                   /usr/lib/x86_64-linux-gnu/libfontconfig.so.1.16.1
798a74000000-798a74021000 rw-p 00000000 00:00 0 
798a74021000-798a78000000 ---p 00000000 00:00 0 
798a78000000-798a7ab16000 rw-p 00000000 00:00 0 
798a7ab16000-798a7c000000 ---p 00000000 00:00 0 
798a7c000000-798a7c54c000 rw-p 00000000 00:00 0 
798a7c54c000-798a80000000 ---p 00000000 00:00 0 
798a80000000-798a802bc000 rw-p 00000000 00:00 0 
798a802bc000-798a84000000 ---p 00000000 00:00 0 
798a84000000-798a84c03000 rw-p 00000000 00:00 0 
798a84c03000-798a88000000 ---p 00000000 00:00 0 
798a88000000-798a88021000 rw-p 00000000 00:00 0 
798a88021000-798a8c000000 ---p 00000000 00:00 0 
798a8c000000-798a8c021000 rw-p 00000000 00:00 0 
798a8c021000-798a90000000 ---p 00000000 00:00 0 
798a90000000-798a90d5f000 rw-p 00000000 00:00 0 
798a90d5f000-798a94000000 ---p 00000000 00:00 0 
798a94000000-798a94021000 rw-p 00000000 00:00 0 
798a94021000-798a98000000 ---p 00000000 00:00 0 
798a98000000-798a98021000 rw-p 00000000 00:00 0 
798a98021000-798a9c000000 ---p 00000000 00:00 0 
798a9c000000-798a9c021000 rw-p 00000000 00:00 0 
798a9c021000-798aa0000000 ---p 00000000 00:00 0 
798aa0000000-798aa0021000 rw-p 00000000 00:00 0 
798aa0021000-798aa4000000 ---p 00000000 00:00 0 
798aa4000000-798aa4021000 rw-p 00000000 00:00 0 
798aa4021000-798aa8000000 ---p 00000000 00:00 0 
798aa8000000-798aa8003000 r--p 00000000 103:02 9062159                   /usr/share/fonts/truetype/noto/NotoSansBuhid-Regular.ttf
798aa8003000-798aa8006000 r--p 00000000 103:02 8943463                   /usr/lib/x86_64-linux-gnu/libXi.so.6.1.0
798aa8006000-798aa8013000 r-xp 00003000 103:02 8943463                   /usr/lib/x86_64-linux-gnu/libXi.so.6.1.0
798aa8013000-798aa8015000 r--p 00010000 103:02 8943463                   /usr/lib/x86_64-linux-gnu/libXi.so.6.1.0
798aa8015000-798aa8016000 r--p 00012000 103:02 8943463                   /usr/lib/x86_64-linux-gnu/libXi.so.6.1.0
798aa8016000-798aa8017000 rw-p 00013000 103:02 8943463                   /usr/lib/x86_64-linux-gnu/libXi.so.6.1.0
798aa8017000-798aa8020000 r--p 00000000 103:02 8943778                   /usr/lib/x86_64-linux-gnu/libgdk_pixbuf-2.0.so.0.4400.5
798aa8020000-798aa803e000 r-xp 00009000 103:02 8943778                   /usr/lib/x86_64-linux-gnu/libgdk_pixbuf-2.0.so.0.4400.5
798aa803e000-798aa804a000 r--p 00027000 103:02 8943778                   /usr/lib/x86_64-linux-gnu/libgdk_pixbuf-2.0.so.0.4400.5
798aa804a000-798aa804c000 r--p 00032000 103:02 8943778                   /usr/lib/x86_64-linux-gnu/libgdk_pixbuf-2.0.so.0.4400.5
798aa804c000-798aa804d000 rw-p 00034000 103:02 8943778                   /usr/lib/x86_64-linux-gnu/libgdk_pixbuf-2.0.so.0.4400.5
798aa804d000-798aa8061000 r--p 00000000 103:02 8943638                   /usr/lib/x86_64-linux-gnu/libcairo.so.2.11804.4
798aa8061000-798aa8158000 r-xp 00014000 103:02 8943638                   /usr/lib/x86_64-linux-gnu/libcairo.so.2.11804.4
798aa8158000-798aa8195000 r--p 0010b000 103:02 8943638                   /usr/lib/x86_64-linux-gnu/libcairo.so.2.11804.4
798aa8195000-798aa8199000 r--p 00148000 103:02 8943638                   /usr/lib/x86_64-linux-gnu/libcairo.so.2.11804.4
798aa8199000-798aa819b000 rw-p 0014c000 103:02 8943638                   /usr/lib/x86_64-linux-gnu/libcairo.so.2.11804.4
798aa819b000-798aa819c000 rw-p 00000000 00:00 0 
798aa819c000-798aa81bb000 r--p 00000000 103:02 8943789                   /usr/lib/x86_64-linux-gnu/libglib-2.0.so.0.8800.0
798aa81bb000-798aa8261000 r-xp 0001f000 103:02 8943789                   /usr/lib/x86_64-linux-gnu/libglib-2.0.so.0.8800.0
798aa8261000-798aa82f1000 r--p 000c5000 103:02 8943789                   /usr/lib/x86_64-linux-gnu/libglib-2.0.so.0.8800.0
798aa82f1000-798aa82f2000 r--p 00155000 103:02 8943789                   /usr/lib/x86_64-linux-gnu/libglib-2.0.so.0.8800.0
798aa82f2000-798aa82f3000 rw-p 00156000 103:02 8943789                   /usr/lib/x86_64-linux-gnu/libglib-2.0.so.0.8800.0
798aa82f3000-798aa82f4000 rw-p 00000000 00:00 0 
798aa82f4000-798aa8322000 r--p 00000000 103:02 8943777                   /usr/lib/x86_64-linux-gnu/libgdk-3.so.0.2420.32
798aa8322000-798aa83af000 r-xp 0002e000 103:02 8943777                   /usr/lib/x86_64-linux-gnu/libgdk-3.so.0.2420.32
798aa83af000-798aa83f4000 r--p 000bb000 103:02 8943777                   /usr/lib/x86_64-linux-gnu/libgdk-3.so.0.2420.32
798aa83f4000-798aa83fe000 r--p 000ff000 103:02 8943777                   /usr/lib/x86_64-linux-gnu/libgdk-3.so.0.2420.32
798aa83fe000-798aa8400000 rw-p 00109000 103:02 8943777                   /usr/lib/x86_64-linux-gnu/libgdk-3.so.0.2420.32
798aa8400000-798aa840f000 r-xp 00000000 103:02 3944170                   /home/adam/.openjfx/cache/13/libprism_sw.so
798aa840f000-798aa860e000 ---p 0000f000 103:02 3944170                   /home/adam/.openjfx/cache/13/libprism_sw.so
798aa860e000-798aa860f000 r--p 0000e000 103:02 3944170                   /home/adam/.openjfx/cache/13/libprism_sw.so
798aa860f000-798aa8610000 rw-p 0000f000 103:02 3944170                   /home/adam/.openjfx/cache/13/libprism_sw.so
798aa8610000-798aa8612000 r--p 00000000 103:02 9062198                   /usr/share/fonts/truetype/noto/NotoSansHatran-Regular.ttf
798aa8612000-798aa8613000 r--p 00000000 103:02 8943455                   /usr/lib/x86_64-linux-gnu/libXcomposite.so.1.0.0
798aa8613000-798aa8614000 r-xp 00001000 103:02 8943455                   /usr/lib/x86_64-linux-gnu/libXcomposite.so.1.0.0
798aa8614000-798aa8615000 r--p 00002000 103:02 8943455                   /usr/lib/x86_64-linux-gnu/libXcomposite.so.1.0.0
798aa8615000-798aa8616000 r--p 00002000 103:02 8943455                   /usr/lib/x86_64-linux-gnu/libXcomposite.so.1.0.0
798aa8616000-798aa8617000 rw-p 00003000 103:02 8943455                   /usr/lib/x86_64-linux-gnu/libXcomposite.so.1.0.0
798aa8617000-798aa8622000 r--p 00000000 103:02 8943584                   /usr/lib/x86_64-linux-gnu/libatk-1.0.so.0.26009.1
798aa8622000-798aa8632000 r-xp 0000b000 103:02 8943584                   /usr/lib/x86_64-linux-gnu/libatk-1.0.so.0.26009.1
798aa8632000-798aa863d000 r--p 0001b000 103:02 8943584                   /usr/lib/x86_64-linux-gnu/libatk-1.0.so.0.26009.1
798aa863d000-798aa8640000 r--p 00026000 103:02 8943584                   /usr/lib/x86_64-linux-gnu/libatk-1.0.so.0.26009.1
798aa8640000-798aa8641000 rw-p 00029000 103:02 8943584                   /usr/lib/x86_64-linux-gnu/libatk-1.0.so.0.26009.1
798aa8641000-798aa8645000 r--p 00000000 103:02 8943636                   /usr/lib/x86_64-linux-gnu/libcairo-gobject.so.2.11804.4
798aa8645000-798aa8647000 r-xp 00004000 103:02 8943636                   /usr/lib/x86_64-linux-gnu/libcairo-gobject.so.2.11804.4
798aa8647000-798aa864a000 r--p 00006000 103:02 8943636                   /usr/lib/x86_64-linux-gnu/libcairo-gobject.so.2.11804.4
798aa864a000-798aa864c000 r--p 00008000 103:02 8943636                   /usr/lib/x86_64-linux-gnu/libcairo-gobject.so.2.11804.4
798aa864c000-798aa864d000 rw-p 0000a000 103:02 8943636                   /usr/lib/x86_64-linux-gnu/libcairo-gobject.so.2.11804.4
798aa864d000-798aa8660000 r--p 00000000 103:02 8944057                   /usr/lib/x86_64-linux-gnu/libpango-1.0.so.0.5700.0
798aa8660000-798aa869f000 r-xp 00013000 103:02 8944057                   /usr/lib/x86_64-linux-gnu/libpango-1.0.so.0.5700.0
798aa869f000-798aa86b9000 r--p 00052000 103:02 8944057                   /usr/lib/x86_64-linux-gnu/libpango-1.0.so.0.5700.0
798aa86b9000-798aa86bd000 r--p 0006b000 103:02 8944057                   /usr/lib/x86_64-linux-gnu/libpango-1.0.so.0.5700.0
798aa86bd000-798aa86be000 rw-p 0006f000 103:02 8944057                   /usr/lib/x86_64-linux-gnu/libpango-1.0.so.0.5700.0
798aa86be000-798aa86de000 rw-s 1050ec000 00:11 2082                      anon_inode:i915.gem
798aa86de000-798aa86e0000 r--p 00000000 103:02 9062197                   /usr/share/fonts/truetype/noto/NotoSansHanunoo-Regular.ttf
798aa86e0000-798aa86e2000 r--p 00000000 103:02 9062158                   /usr/share/fonts/truetype/noto/NotoSansBuginese-Regular.ttf
798aa86e2000-798aa86e3000 r--p 00000000 103:02 8943457                   /usr/lib/x86_64-linux-gnu/libXdamage.so.1.1.0
798aa86e3000-798aa86e4000 r-xp 00001000 103:02 8943457                   /usr/lib/x86_64-linux-gnu/libXdamage.so.1.1.0
798aa86e4000-798aa86e5000 r--p 00002000 103:02 8943457                   /usr/lib/x86_64-linux-gnu/libXdamage.so.1.1.0
798aa86e5000-798aa86e6000 r--p 00002000 103:02 8943457                   /usr/lib/x86_64-linux-gnu/libXdamage.so.1.1.0
798aa86e6000-798aa86e7000 rw-p 00003000 103:02 8943457                   /usr/lib/x86_64-linux-gnu/libXdamage.so.1.1.0
798aa86e7000-798aa86e9000 r--p 00000000 103:02 8943757                   /usr/lib/x86_64-linux-gnu/libfribidi.so.0.4.0
798aa86e9000-798aa86ed000 r-xp 00002000 103:02 8943757                   /usr/lib/x86_64-linux-gnu/libfribidi.so.0.4.0
798aa86ed000-798aa8704000 r--p 00006000 103:02 8943757                   /usr/lib/x86_64-linux-gnu/libfribidi.so.0.4.0
798aa8704000-798aa8705000 r--p 0001c000 103:02 8943757                   /usr/lib/x86_64-linux-gnu/libfribidi.so.0.4.0
798aa8705000-798aa8706000 rw-p 0001d000 103:02 8943757                   /usr/lib/x86_64-linux-gnu/libfribidi.so.0.4.0
798aa8706000-798aa870e000 r--p 00000000 103:02 8944059                   /usr/lib/x86_64-linux-gnu/libpangoft2-1.0.so.0.5700.0
798aa870e000-798aa871f000 r-xp 00008000 103:02 8944059                   /usr/lib/x86_64-linux-gnu/libpangoft2-1.0.so.0.5700.0
798aa871f000-798aa8724000 r--p 00019000 103:02 8944059                   /usr/lib/x86_64-linux-gnu/libpangoft2-1.0.so.0.5700.0
798aa8724000-798aa8725000 r--p 0001e000 103:02 8944059                   /usr/lib/x86_64-linux-gnu/libpangoft2-1.0.so.0.5700.0
798aa8725000-798aa8726000 rw-p 0001f000 103:02 8944059                   /usr/lib/x86_64-linux-gnu/libpangoft2-1.0.so.0.5700.0
798aa8726000-798aa872b000 r--p 00000000 103:02 8944058                   /usr/lib/x86_64-linux-gnu/libpangocairo-1.0.so.0.5700.0
798aa872b000-798aa8733000 r-xp 00005000 103:02 8944058                   /usr/lib/x86_64-linux-gnu/libpangocairo-1.0.so.0.5700.0
798aa8733000-798aa8735000 r--p 0000d000 103:02 8944058                   /usr/lib/x86_64-linux-gnu/libpangocairo-1.0.so.0.5700.0
798aa8735000-798aa8736000 r--p 0000f000 103:02 8944058                   /usr/lib/x86_64-linux-gnu/libpangocairo-1.0.so.0.5700.0
798aa8736000-798aa8737000 rw-p 00010000 103:02 8944058                   /usr/lib/x86_64-linux-gnu/libpangocairo-1.0.so.0.5700.0
798aa8737000-798aa8747000 r--p 00000000 103:02 8943806                   /usr/lib/x86_64-linux-gnu/libgobject-2.0.so.0.8800.0
798aa8747000-798aa877e000 r-xp 00010000 103:02 8943806                   /usr/lib/x86_64-linux-gnu/libgobject-2.0.so.0.8800.0
798aa877e000-798aa8797000 r--p 00047000 103:02 8943806                   /usr/lib/x86_64-linux-gnu/libgobject-2.0.so.0.8800.0
798aa8797000-798aa879a000 r--p 0005f000 103:02 8943806                   /usr/lib/x86_64-linux-gnu/libgobject-2.0.so.0.8800.0
798aa879a000-798aa879b000 rw-p 00062000 103:02 8943806                   /usr/lib/x86_64-linux-gnu/libgobject-2.0.so.0.8800.0
798aa879b000-798aa879f000 r--p 00000000 103:02 9062153                   /usr/share/fonts/truetype/noto/NotoSansBatak-Regular.ttf
798aa879f000-798aa87ad000 r--s 00000000 103:02 14156252                  /var/cache/fontconfig/e13b20fdb08344e0e664864cc2ede53d-le64.cache-9
798aa87ad000-798aa87cd000 rw-s 1050cc000 00:11 2082                      anon_inode:i915.gem
798aa87cd000-798aa87ed000 rw-s 114bd4000 00:11 2082                      anon_inode:i915.gem
798aa87ed000-798aa8fee000 rw-p 00000000 00:00 0 
798aa8fee000-798aa8ffe000 rw-s 10dc1c000 00:11 2082                      anon_inode:i915.gem
798aa8ffe000-798aaa000000 rw-p 00000000 00:00 0 
798aaa000000-798aaa201000 rw-s 00000000 103:02 3932317                   /home/adam/.cache/mesa_shader_cache/index
798aaa201000-798aaa203000 r--p 00000000 103:02 8943460                   /usr/lib/x86_64-linux-gnu/libXfixes.so.3.1.0
798aaa203000-798aaa206000 r-xp 00002000 103:02 8943460                   /usr/lib/x86_64-linux-gnu/libXfixes.so.3.1.0
798aaa206000-798aaa207000 r--p 00005000 103:02 8943460                   /usr/lib/x86_64-linux-gnu/libXfixes.so.3.1.0
798aaa207000-798aaa208000 r--p 00005000 103:02 8943460                   /usr/lib/x86_64-linux-gnu/libXfixes.so.3.1.0
798aaa208000-798aaa209000 rw-p 00006000 103:02 8943460                   /usr/lib/x86_64-linux-gnu/libXfixes.so.3.1.0
798aaa209000-798aaa219000 rw-s 10591c000 00:11 2082                      anon_inode:i915.gem
798aaa219000-798aaa259000 rw-s 10508c000 00:11 2082                      anon_inode:i915.gem
798aaa259000-798aaa25b000 r--p 00000000 103:02 8943963                   /usr/lib/x86_64-linux-gnu/libmd.so.0.1.0
798aaa25b000-798aaa264000 r-xp 00002000 103:02 8943963                   /usr/lib/x86_64-linux-gnu/libmd.so.0.1.0
798aaa264000-798aaa266000 r--p 0000b000 103:02 8943963                   /usr/lib/x86_64-linux-gnu/libmd.so.0.1.0
798aaa266000-798aaa267000 r--p 0000c000 103:02 8943963                   /usr/lib/x86_64-linux-gnu/libmd.so.0.1.0
798aaa267000-798aaa268000 rw-p 0000d000 103:02 8943963                   /usr/lib/x86_64-linux-gnu/libmd.so.0.1.0
798aaa268000-798aaa276000 r--p 00000000 103:02 8944206                   /usr/lib/x86_64-linux-gnu/libtinfo.so.6.6
798aaa276000-798aaa28a000 r-xp 0000e000 103:02 8944206                   /usr/lib/x86_64-linux-gnu/libtinfo.so.6.6
798aaa28a000-798aaa298000 r--p 00022000 103:02 8944206                   /usr/lib/x86_64-linux-gnu/libtinfo.so.6.6
798aaa298000-798aaa29c000 r--p 0002f000 103:02 8944206                   /usr/lib/x86_64-linux-gnu/libtinfo.so.6.6
798aaa29c000-798aaa29d000 rw-p 00033000 103:02 8944206                   /usr/lib/x86_64-linux-gnu/libtinfo.so.6.6
798aaa29d000-798aaa2be000 r--p 00000000 103:02 8944310                   /usr/lib/x86_64-linux-gnu/libxml2.so.16.1.2
798aaa2be000-798aaa3b9000 r-xp 00021000 103:02 8944310                   /usr/lib/x86_64-linux-gnu/libxml2.so.16.1.2
798aaa3b9000-798aaa3f6000 r--p 0011c000 103:02 8944310                   /usr/lib/x86_64-linux-gnu/libxml2.so.16.1.2
798aaa3f6000-798aaa3fe000 r--p 00159000 103:02 8944310                   /usr/lib/x86_64-linux-gnu/libxml2.so.16.1.2
798aaa3fe000-798aaa3ff000 rw-p 00161000 103:02 8944310                   /usr/lib/x86_64-linux-gnu/libxml2.so.16.1.2
798aaa3ff000-798aaa400000 rw-p 00000000 00:00 0 
798aaa400000-798aaa4a3000 r--p 00000000 103:02 8944183                   /usr/lib/x86_64-linux-gnu/libstdc++.so.6.0.35
798aaa4a3000-798aaa5fe000 r-xp 000a3000 103:02 8944183                   /usr/lib/x86_64-linux-gnu/libstdc++.so.6.0.35
798aaa5fe000-798aaa68a000 r--p 001fe000 103:02 8944183                   /usr/lib/x86_64-linux-gnu/libstdc++.so.6.0.35
798aaa68a000-798aaa699000 r--p 0028a000 103:02 8944183                   /usr/lib/x86_64-linux-gnu/libstdc++.so.6.0.35
798aaa699000-798aaa69c000 rw-p 00299000 103:02 8944183                   /usr/lib/x86_64-linux-gnu/libstdc++.so.6.0.35
798aaa69c000-798aaa6a0000 rw-p 00000000 00:00 0 
798aaa6a0000-798aaa6a2000 r--p 00000000 103:02 9062152                   /usr/share/fonts/truetype/noto/NotoSansBassaVah-Regular.ttf
798aaa6a2000-798aaa6a3000 r--p 00000000 103:02 8944277                   /usr/lib/x86_64-linux-gnu/libwayland-egl.so.1.24.0
798aaa6a3000-798aaa6a4000 r-xp 00001000 103:02 8944277                   /usr/lib/x86_64-linux-gnu/libwayland-egl.so.1.24.0
798aaa6a4000-798aaa6a5000 r--p 00002000 103:02 8944277                   /usr/lib/x86_64-linux-gnu/libwayland-egl.so.1.24.0
798aaa6a5000-798aaa6a6000 r--p 00002000 103:02 8944277                   /usr/lib/x86_64-linux-gnu/libwayland-egl.so.1.24.0
798aaa6a6000-798aaa6a7000 rw-p 00003000 103:02 8944277                   /usr/lib/x86_64-linux-gnu/libwayland-egl.so.1.24.0
798aaa6a7000-798aaa6ab000 r--p 00000000 103:02 8943626                   /usr/lib/x86_64-linux-gnu/libbsd.so.0.12.2
798aaa6ab000-798aaa6b7000 r-xp 00004000 103:02 8943626                   /usr/lib/x86_64-linux-gnu/libbsd.so.0.12.2
798aaa6b7000-798aaa6ba000 r--p 00010000 103:02 8943626                   /usr/lib/x86_64-linux-gnu/libbsd.so.0.12.2
798aaa6ba000-798aaa6bb000 r--p 00012000 103:02 8943626                   /usr/lib/x86_64-linux-gnu/libbsd.so.0.12.2
798aaa6bb000-798aaa6bc000 rw-p 00013000 103:02 8943626                   /usr/lib/x86_64-linux-gnu/libbsd.so.0.12.2
798aaa6bc000-798aaa6bd000 rw-p 00000000 00:00 0 
798aaa6bd000-798aaa6bf000 r--p 00000000 103:02 8944067                   /usr/lib/x86_64-linux-gnu/libpciaccess.so.0.11.1
798aaa6bf000-798aaa6c4000 r-xp 00002000 103:02 8944067                   /usr/lib/x86_64-linux-gnu/libpciaccess.so.0.11.1
798aaa6c4000-798aaa6c6000 r--p 00007000 103:02 8944067                   /usr/lib/x86_64-linux-gnu/libpciaccess.so.0.11.1
798aaa6c6000-798aaa6c7000 r--p 00008000 103:02 8944067                   /usr/lib/x86_64-linux-gnu/libpciaccess.so.0.11.1
798aaa6c7000-798aaa6c8000 rw-p 00009000 103:02 8944067                   /usr/lib/x86_64-linux-gnu/libpciaccess.so.0.11.1
798aaa6c8000-798aaa6d0000 r--p 00000000 103:02 8943715                   /usr/lib/x86_64-linux-gnu/libedit.so.2.0.76
798aaa6d0000-798aaa6ef000 r-xp 00008000 103:02 8943715                   /usr/lib/x86_64-linux-gnu/libedit.so.2.0.76
798aaa6ef000-798aaa6fb000 r--p 00027000 103:02 8943715                   /usr/lib/x86_64-linux-gnu/libedit.so.2.0.76
798aaa6fb000-798aaa6fd000 r--p 00033000 103:02 8943715                   /usr/lib/x86_64-linux-gnu/libedit.so.2.0.76
798aaa6fd000-798aaa6fe000 rw-p 00035000 103:02 8943715                   /usr/lib/x86_64-linux-gnu/libedit.so.2.0.76
798aaa6fe000-798aaa702000 rw-p 00000000 00:00 0 
798aaa702000-798aaa704000 r--p 00000000 103:02 8943737                   /usr/lib/x86_64-linux-gnu/libffi.so.8.2.0
798aaa704000-798aaa70f000 r-xp 00002000 103:02 8943737                   /usr/lib/x86_64-linux-gnu/libffi.so.8.2.0
798aaa70f000-798aaa711000 r--p 0000d000 103:02 8943737                   /usr/lib/x86_64-linux-gnu/libffi.so.8.2.0
798aaa711000-798aaa712000 r--p 0000e000 103:02 8943737                   /usr/lib/x86_64-linux-gnu/libffi.so.8.2.0
798aaa712000-798aaa713000 rw-p 0000f000 103:02 8943737                   /usr/lib/x86_64-linux-gnu/libffi.so.8.2.0
798aaa713000-798aaa716000 r--p 00000000 103:02 8943700                   /usr/lib/x86_64-linux-gnu/libdrm_intel.so.1.131.0
798aaa716000-798aaa72d000 r-xp 00003000 103:02 8943700                   /usr/lib/x86_64-linux-gnu/libdrm_intel.so.1.131.0
798aaa72d000-798aaa737000 r--p 0001a000 103:02 8943700                   /usr/lib/x86_64-linux-gnu/libdrm_intel.so.1.131.0
798aaa737000-798aaa738000 r--p 00023000 103:02 8943700                   /usr/lib/x86_64-linux-gnu/libdrm_intel.so.1.131.0
798aaa738000-798aaa739000 rw-p 00024000 103:02 8943700                   /usr/lib/x86_64-linux-gnu/libdrm_intel.so.1.131.0
798aaa739000-798aaa73c000 r--p 00000000 103:02 8943699                   /usr/lib/x86_64-linux-gnu/libdrm_amdgpu.so.1.131.0
798aaa73c000-798aaa742000 r-xp 00003000 103:02 8943699                   /usr/lib/x86_64-linux-gnu/libdrm_amdgpu.so.1.131.0
798aaa742000-798aaa744000 r--p 00009000 103:02 8943699                   /usr/lib/x86_64-linux-gnu/libdrm_amdgpu.so.1.131.0
798aaa744000-798aaa745000 r--p 0000a000 103:02 8943699                   /usr/lib/x86_64-linux-gnu/libdrm_amdgpu.so.1.131.0
798aaa745000-798aaa746000 rw-p 0000b000 103:02 8943699                   /usr/lib/x86_64-linux-gnu/libdrm_amdgpu.so.1.131.0
798aaa746000-798aaa74a000 r--p 00000000 103:02 8943722                   /usr/lib/x86_64-linux-gnu/libelf-0.194.so
798aaa74a000-798aaa761000 r-xp 00004000 103:02 8943722                   /usr/lib/x86_64-linux-gnu/libelf-0.194.so
798aaa761000-798aaa765000 r--p 0001b000 103:02 8943722                   /usr/lib/x86_64-linux-gnu/libelf-0.194.so
798aaa765000-798aaa766000 r--p 0001f000 103:02 8943722                   /usr/lib/x86_64-linux-gnu/libelf-0.194.so
798aaa766000-798aaa767000 rw-p 00020000 103:02 8943722                   /usr/lib/x86_64-linux-gnu/libelf-0.194.so
798aaa767000-798aaa76e000 r--p 00000000 103:02 8944297                   /usr/lib/x86_64-linux-gnu/libxcb-randr.so.0.1.0
798aaa76e000-798aaa773000 r-xp 00007000 103:02 8944297                   /usr/lib/x86_64-linux-gnu/libxcb-randr.so.0.1.0
798aaa773000-798aaa776000 r--p 0000c000 103:02 8944297                   /usr/lib/x86_64-linux-gnu/libxcb-randr.so.0.1.0
798aaa776000-798aaa777000 r--p 0000f000 103:02 8944297                   /usr/lib/x86_64-linux-gnu/libxcb-randr.so.0.1.0
798aaa777000-798aaa778000 rw-p 00010000 103:02 8944297                   /usr/lib/x86_64-linux-gnu/libxcb-randr.so.0.1.0
798aaa778000-798aaa77c000 r--p 00000000 103:02 8944319                   /usr/lib/x86_64-linux-gnu/libzstd.so.1.5.7
798aaa77c000-798aaa82c000 r-xp 00004000 103:02 8944319                   /usr/lib/x86_64-linux-gnu/libzstd.so.1.5.7
798aaa82c000-798aaa839000 r--p 000b4000 103:02 8944319                   /usr/lib/x86_64-linux-gnu/libzstd.so.1.5.7
798aaa839000-798aaa83a000 r--p 000c1000 103:02 8944319                   /usr/lib/x86_64-linux-gnu/libzstd.so.1.5.7
798aaa83a000-798aaa83b000 rw-p 000c2000 103:02 8944319                   /usr/lib/x86_64-linux-gnu/libzstd.so.1.5.7
798aaa83b000-798aaa83e000 r--p 00000000 103:02 8944318                   /usr/lib/x86_64-linux-gnu/libz.so.1.3.1
798aaa83e000-798aaa851000 r-xp 00003000 103:02 8944318                   /usr/lib/x86_64-linux-gnu/libz.so.1.3.1
798aaa851000-798aaa857000 r--p 00016000 103:02 8944318                   /usr/lib/x86_64-linux-gnu/libz.so.1.3.1
798aaa857000-798aaa858000 r--p 0001c000 103:02 8944318                   /usr/lib/x86_64-linux-gnu/libz.so.1.3.1
798aaa858000-798aaa859000 rw-p 0001d000 103:02 8944318                   /usr/lib/x86_64-linux-gnu/libz.so.1.3.1
798aaa859000-798aaa85d000 r--p 00000000 103:02 8943767                   /usr/lib/x86_64-linux-gnu/libgcc_s.so.1
798aaa85d000-798aaa881000 r-xp 00004000 103:02 8943767                   /usr/lib/x86_64-linux-gnu/libgcc_s.so.1
798aaa881000-798aaa885000 r--p 00028000 103:02 8943767                   /usr/lib/x86_64-linux-gnu/libgcc_s.so.1
798aaa885000-798aaa886000 r--p 0002c000 103:02 8943767                   /usr/lib/x86_64-linux-gnu/libgcc_s.so.1
798aaa886000-798aaa887000 rw-p 0002d000 103:02 8943767                   /usr/lib/x86_64-linux-gnu/libgcc_s.so.1
798aaa887000-798aaa88b000 r--p 00000000 103:02 8943731                   /usr/lib/x86_64-linux-gnu/libexpat.so.1.11.2
798aaa88b000-798aaa8a9000 r-xp 00004000 103:02 8943731                   /usr/lib/x86_64-linux-gnu/libexpat.so.1.11.2
798aaa8a9000-798aaa8b1000 r--p 00022000 103:02 8943731                   /usr/lib/x86_64-linux-gnu/libexpat.so.1.11.2
798aaa8b1000-798aaa8b3000 r--p 0002a000 103:02 8943731                   /usr/lib/x86_64-linux-gnu/libexpat.so.1.11.2
798aaa8b3000-798aaa8b4000 rw-p 0002c000 103:02 8943731                   /usr/lib/x86_64-linux-gnu/libexpat.so.1.11.2
798aaa8b4000-798aaa8bf000 r--p 00000000 103:02 8943434                   /usr/lib/x86_64-linux-gnu/libGLX_mesa.so.0.0.0
798aaa8bf000-798aaa900000 r-xp 0000b000 103:02 8943434                   /usr/lib/x86_64-linux-gnu/libGLX_mesa.so.0.0.0
798aaa900000-798aaa90f000 r--p 0004c000 103:02 8943434                   /usr/lib/x86_64-linux-gnu/libGLX_mesa.so.0.0.0
798aaa90f000-798aaa912000 r--p 0005b000 103:02 8943434                   /usr/lib/x86_64-linux-gnu/libGLX_mesa.so.0.0.0
798aaa912000-798aaa913000 rw-p 0005e000 103:02 8943434                   /usr/lib/x86_64-linux-gnu/libGLX_mesa.so.0.0.0
798aaa913000-798aaa914000 rw-p 00000000 00:00 0 
798aaa914000-798aaa917000 r--p 00000000 103:02 8943433                   /usr/lib/x86_64-linux-gnu/libGLX.so.0.0.0
798aaa917000-798aaa932000 r-xp 00003000 103:02 8943433                   /usr/lib/x86_64-linux-gnu/libGLX.so.0.0.0
798aaa932000-798aaa935000 r--p 0001e000 103:02 8943433                   /usr/lib/x86_64-linux-gnu/libGLX.so.0.0.0
798aaa935000-798aaa936000 r--p 00021000 103:02 8943433                   /usr/lib/x86_64-linux-gnu/libGLX.so.0.0.0
798aaa936000-798aaa937000 rw-p 00022000 103:02 8943433                   /usr/lib/x86_64-linux-gnu/libGLX.so.0.0.0
798aaa937000-798aaa947000 rw-p 00000000 00:00 0 
798aaa947000-798aaa988000 r--p 00000000 103:02 8943439                   /usr/lib/x86_64-linux-gnu/libGLdispatch.so.0.0.0
798aaa988000-798aaa9c7000 r-xp 00041000 103:02 8943439                   /usr/lib/x86_64-linux-gnu/libGLdispatch.so.0.0.0
798aaa9c7000-798aaa9db000 r--p 00080000 103:02 8943439                   /usr/lib/x86_64-linux-gnu/libGLdispatch.so.0.0.0
798aaa9db000-798aaa9f7000 r--p 00093000 103:02 8943439                   /usr/lib/x86_64-linux-gnu/libGLdispatch.so.0.0.0
798aaa9f7000-798aaa9f8000 rw-p 000af000 103:02 8943439                   /usr/lib/x86_64-linux-gnu/libGLdispatch.so.0.0.0
798aaa9f8000-798aaaa00000 rw-p 00000000 00:00 0 
798aaaa00000-798aaaa0c000 r-xp 00000000 103:02 3944169                   /home/adam/.openjfx/cache/13/libprism_es2.so
798aaaa0c000-798aaac0b000 ---p 0000c000 103:02 3944169                   /home/adam/.openjfx/cache/13/libprism_es2.so
798aaac0b000-798aaac0c000 r--p 0000b000 103:02 3944169                   /home/adam/.openjfx/cache/13/libprism_es2.so
798aaac0c000-798aaac0d000 rw-p 0000c000 103:02 3944169                   /home/adam/.openjfx/cache/13/libprism_es2.so
798aaac0d000-798aaac0e000 rw-p 00000000 00:00 0 
798aaac0e000-798aaac11000 r--p 00000000 103:02 8944302                   /usr/lib/x86_64-linux-gnu/libxcb-sync.so.1.0.0
798aaac11000-798aaac14000 r-xp 00003000 103:02 8944302                   /usr/lib/x86_64-linux-gnu/libxcb-sync.so.1.0.0
798aaac14000-798aaac15000 r--p 00006000 103:02 8944302                   /usr/lib/x86_64-linux-gnu/libxcb-sync.so.1.0.0
798aaac15000-798aaac16000 r--p 00007000 103:02 8944302                   /usr/lib/x86_64-linux-gnu/libxcb-sync.so.1.0.0
798aaac16000-798aaac17000 rw-p 00008000 103:02 8944302                   /usr/lib/x86_64-linux-gnu/libxcb-sync.so.1.0.0
798aaac17000-798aaac1a000 r--p 00000000 103:02 8944148                   /usr/lib/x86_64-linux-gnu/libsensors.so.5.0.0
798aaac1a000-798aaac22000 r-xp 00003000 103:02 8944148                   /usr/lib/x86_64-linux-gnu/libsensors.so.5.0.0
798aaac22000-798aaac26000 r--p 0000b000 103:02 8944148                   /usr/lib/x86_64-linux-gnu/libsensors.so.5.0.0
798aaac26000-798aaac27000 r--p 0000f000 103:02 8944148                   /usr/lib/x86_64-linux-gnu/libsensors.so.5.0.0
798aaac27000-798aaac28000 rw-p 00010000 103:02 8944148                   /usr/lib/x86_64-linux-gnu/libsensors.so.5.0.0
798aaac28000-798aaac2b000 r--p 00000000 103:02 8944304                   /usr/lib/x86_64-linux-gnu/libxcb-xfixes.so.0.0.0
798aaac2b000-798aaac2e000 r-xp 00003000 103:02 8944304                   /usr/lib/x86_64-linux-gnu/libxcb-xfixes.so.0.0.0
798aaac2e000-798aaac30000 r--p 00006000 103:02 8944304                   /usr/lib/x86_64-linux-gnu/libxcb-xfixes.so.0.0.0
798aaac30000-798aaac31000 r--p 00007000 103:02 8944304                   /usr/lib/x86_64-linux-gnu/libxcb-xfixes.so.0.0.0
798aaac31000-798aaac32000 rw-p 00008000 103:02 8944304                   /usr/lib/x86_64-linux-gnu/libxcb-xfixes.so.0.0.0
798aaac32000-798aaac34000 r--p 00000000 103:02 8944294                   /usr/lib/x86_64-linux-gnu/libxcb-dri3.so.0.1.0
798aaac34000-798aaac36000 r-xp 00002000 103:02 8944294                   /usr/lib/x86_64-linux-gnu/libxcb-dri3.so.0.1.0
798aaac36000-798aaac37000 r--p 00004000 103:02 8944294                   /usr/lib/x86_64-linux-gnu/libxcb-dri3.so.0.1.0
798aaac37000-798aaac38000 r--p 00004000 103:02 8944294                   /usr/lib/x86_64-linux-gnu/libxcb-dri3.so.0.1.0
798aaac38000-798aaac39000 rw-p 00005000 103:02 8944294                   /usr/lib/x86_64-linux-gnu/libxcb-dri3.so.0.1.0
798aaac39000-798aaac7b000 r--p 00000000 103:02 8943429                   /usr/lib/x86_64-linux-gnu/libGL.so.1.7.0
798aaac7b000-798aaac9a000 r-xp 00042000 103:02 8943429                   /usr/lib/x86_64-linux-gnu/libGL.so.1.7.0
798aaac9a000-798aaacae000 r--p 00061000 103:02 8943429                   /usr/lib/x86_64-linux-gnu/libGL.so.1.7.0
798aaacae000-798aaacbc000 r--p 00075000 103:02 8943429                   /usr/lib/x86_64-linux-gnu/libGL.so.1.7.0
798aaacbc000-798aaacbd000 rw-p 00083000 103:02 8943429                   /usr/lib/x86_64-linux-gnu/libGL.so.1.7.0
798aaacbd000-798aaacbe000 rw-p 00000000 00:00 0 
798aaacbe000-798aaacd7000 r--p 00000000 103:02 8943451                   /usr/lib/x86_64-linux-gnu/libX11.so.6.4.0
798aaacd7000-798aaad6c000 r-xp 00019000 103:02 8943451                   /usr/lib/x86_64-linux-gnu/libX11.so.6.4.0
798aaad6c000-798aaadfb000 r--p 000ae000 103:02 8943451                   /usr/lib/x86_64-linux-gnu/libX11.so.6.4.0
798aaadfb000-798aaadfc000 r--p 0013d000 103:02 8943451                   /usr/lib/x86_64-linux-gnu/libX11.so.6.4.0
798aaadfc000-798aaae00000 rw-p 0013e000 103:02 8943451                   /usr/lib/x86_64-linux-gnu/libX11.so.6.4.0
798aaae00000-798aaae04000 ---p 00000000 00:00 0 
798aaae04000-798aaaf00000 rw-p 00000000 00:00 0 
798aaaf00000-798aaaf04000 ---p 00000000 00:00 0 
798aaaf04000-798aab000000 rw-p 00000000 00:00 0 
798aab000000-798aab400000 rw-p 00000000 00:00 0 
798aab400000-798aabf20000 rw-p 00000000 00:00 0 
798aabf20000-798aabf40000 rw-p 00000000 00:00 0 
798aabf40000-798aabf80000 rw-p 00000000 00:00 0 
798aabf80000-798aac100000 rw-p 00000000 00:00 0 
798aac100000-798aac180000 rw-p 00000000 00:00 0 
798aac180000-798aac2c0000 rw-p 00000000 00:00 0 
798aac2c0000-798aac300000 rw-p 00000000 00:00 0 
798aac300000-798aac500000 rw-p 00000000 00:00 0 
798aac500000-798aac580000 rw-p 00000000 00:00 0 
798aac580000-798aac600000 rw-p 00000000 00:00 0 
798aac600000-798aac650000 rw-p 00000000 00:00 0 
798aac650000-798aaf000000 ---p 00000000 00:00 0 
798aaf000000-798aafbbb000 rw-p 00001000 103:02 3942805                   /home/adam/.vscode/extensions/redhat.java-1.54.0-linux-x64/jre/21.0.10-linux-x86_64/lib/server/classes.jsa
798aafbbb000-798ab0000000 ---p 00000000 00:00 0 
798ab0000000-798ab0040000 rw-p 00000000 00:00 0 
798ab0040000-798ab0080000 rw-p 00000000 00:00 0 
798ab0080000-798ab0140000 rw-p 00000000 00:00 0 
798ab0140000-798ab0180000 rw-p 00000000 00:00 0 
798ab0180000-798ab02c0000 rw-p 00000000 00:00 0 
798ab02c0000-798ab0340000 rw-p 00000000 00:00 0 
798ab0340000-798ab03a0000 rw-p 00000000 00:00 0 
798ab03a0000-798af0000000 ---p 00000000 00:00 0 
798af0000000-798af0021000 rw-p 00000000 00:00 0 
798af0021000-798af4000000 ---p 00000000 00:00 0 
798af4000000-798af4021000 rw-p 00000000 00:00 0 
798af4021000-798af8000000 ---p 00000000 00:00 0 
798af8000000-798af8021000 rw-p 00000000 00:00 0 
798af8021000-798afc004000 ---p 00000000 00:00 0 
798afc004000-798afc100000 rw-p 00000000 00:00 0 
798afc100000-798afc104000 ---p 00000000 00:00 0 
798afc104000-798afc200000 rw-p 00000000 00:00 0 
798afc200000-798afc204000 ---p 00000000 00:00 0 
798afc204000-798afc300000 rw-p 00000000 00:00 0 
798afc300000-798afc304000 ---p 00000000 00:00 0 
798afc304000-798afc400000 rw-p 00000000 00:00 0 
798afc400000-798afc404000 ---p 00000000 00:00 0 
798afc404000-798afc500000 rw-p 00000000 00:00 0 
798afc500000-798afc504000 ---p 00000000 00:00 0 
798afc504000-798afc600000 rw-p 00000000 00:00 0 
798afc600000-798afc604000 ---p 00000000 00:00 0 
798afc604000-798afc700000 rw-p 00000000 00:00 0 
798afc700000-798afc704000 ---p 00000000 00:00 0 
798afc704000-798afc800000 rw-p 00000000 00:00 0 
798afc800000-798afc804000 ---p 00000000 00:00 0 
798afc804000-798afc900000 rw-p 00000000 00:00 0 
798afc900000-798afc904000 ---p 00000000 00:00 0 
798afc904000-798afca00000 rw-p 00000000 00:00 0 
798afca00000-798afd7f2000 r--p 00000000 103:02 8924919                   /usr/lib/locale/locale-archive
798afd7f2000-798afd7f3000 rw-p 00000000 00:00 0 
798afd7f3000-798afd7f4000 r--p 00000000 103:02 8944312                   /usr/lib/x86_64-linux-gnu/libxshmfence.so.1.0.0
798afd7f4000-798afd7f5000 r-xp 00001000 103:02 8944312                   /usr/lib/x86_64-linux-gnu/libxshmfence.so.1.0.0
798afd7f5000-798afd7f6000 r--p 00002000 103:02 8944312                   /usr/lib/x86_64-linux-gnu/libxshmfence.so.1.0.0
798afd7f6000-798afd7f7000 r--p 00002000 103:02 8944312                   /usr/lib/x86_64-linux-gnu/libxshmfence.so.1.0.0
798afd7f7000-798afd7f8000 rw-p 00003000 103:02 8944312                   /usr/lib/x86_64-linux-gnu/libxshmfence.so.1.0.0
798afd7f8000-798afdbfc000 rw-p 00000000 00:00 0 
798afdbfc000-798b00021000 rw-p 00000000 00:00 0 
798b00021000-798b04000000 ---p 00000000 00:00 0 
798b04000000-798b04021000 rw-p 00000000 00:00 0 
798b04021000-798b08000000 ---p 00000000 00:00 0 
798b08000000-798b08021000 rw-p 00000000 00:00 0 
798b08021000-798b0c000000 ---p 00000000 00:00 0 
798b0c000000-798b0c001000 rw-p 00000000 00:00 0 
798b0c001000-798b0c002000 r--p 00000000 103:02 8944296                   /usr/lib/x86_64-linux-gnu/libxcb-present.so.0.0.0
798b0c002000-798b0c003000 r-xp 00001000 103:02 8944296                   /usr/lib/x86_64-linux-gnu/libxcb-present.so.0.0.0
798b0c003000-798b0c004000 r--p 00002000 103:02 8944296                   /usr/lib/x86_64-linux-gnu/libxcb-present.so.0.0.0
798b0c004000-798b0c005000 r--p 00002000 103:02 8944296                   /usr/lib/x86_64-linux-gnu/libxcb-present.so.0.0.0
798b0c005000-798b0c006000 rw-p 00003000 103:02 8944296                   /usr/lib/x86_64-linux-gnu/libxcb-present.so.0.0.0
798b0c006000-798b0c007000 r--p 00000000 103:02 8944301                   /usr/lib/x86_64-linux-gnu/libxcb-shm.so.0.0.0
798b0c007000-798b0c008000 r-xp 00001000 103:02 8944301                   /usr/lib/x86_64-linux-gnu/libxcb-shm.so.0.0.0
798b0c008000-798b0c009000 r--p 00002000 103:02 8944301                   /usr/lib/x86_64-linux-gnu/libxcb-shm.so.0.0.0
798b0c009000-798b0c00a000 r--p 00002000 103:02 8944301                   /usr/lib/x86_64-linux-gnu/libxcb-shm.so.0.0.0
798b0c00a000-798b0c00b000 rw-p 00003000 103:02 8944301                   /usr/lib/x86_64-linux-gnu/libxcb-shm.so.0.0.0
798b0c00b000-798b0c00f000 r--p 00000000 103:02 8943459                   /usr/lib/x86_64-linux-gnu/libXext.so.6.4.0
798b0c00f000-798b0c01a000 r-xp 00004000 103:02 8943459                   /usr/lib/x86_64-linux-gnu/libXext.so.6.4.0
798b0c01a000-798b0c01d000 r--p 0000f000 103:02 8943459                   /usr/lib/x86_64-linux-gnu/libXext.so.6.4.0
798b0c01d000-798b0c01e000 r--p 00011000 103:02 8943459                   /usr/lib/x86_64-linux-gnu/libXext.so.6.4.0
798b0c01e000-798b0c01f000 rw-p 00012000 103:02 8943459                   /usr/lib/x86_64-linux-gnu/libXext.so.6.4.0
798b0c01f000-798b0cca4000 rw-p 00000000 00:00 0 
798b0cca4000-798b13f44000 ---p 00000000 00:00 0 
798b13f44000-798b14054000 rw-p 00000000 00:00 0 
798b14054000-798b14ea8000 ---p 00000000 00:00 0 
798b14ea8000-798b14faa000 rw-p 00000000 00:00 0 
798b14faa000-798b15dfe000 ---p 00000000 00:00 0 
798b15dfe000-798b15e00000 rw-p 00000000 00:00 0 
798b15e00000-798b16890000 rwxp 00000000 00:00 0 
798b16890000-798b1d337000 ---p 00000000 00:00 0 
798b1d337000-798b1d5a7000 rwxp 00000000 00:00 0 
798b1d5a7000-798b1d8c9000 ---p 00000000 00:00 0 
798b1d8c9000-798b1db89000 rwxp 00000000 00:00 0 
798b1db89000-798b24e00000 ---p 00000000 00:00 0 
798b24e00000-798b27fda000 r--s 00000000 103:02 3942692                   /home/adam/.vscode/extensions/redhat.java-1.54.0-linux-x64/jre/21.0.10-linux-x86_64/lib/modules
798b27fda000-798b27fdd000 r--p 00000000 103:02 3946035                   /home/adam/.config/dconf/user
798b27fdd000-798b27fde000 r--p 00000000 103:02 8943474                   /usr/lib/x86_64-linux-gnu/libXxf86vm.so.1.0.0
798b27fde000-798b27fe1000 r-xp 00001000 103:02 8943474                   /usr/lib/x86_64-linux-gnu/libXxf86vm.so.1.0.0
798b27fe1000-798b27fe2000 r--p 00004000 103:02 8943474                   /usr/lib/x86_64-linux-gnu/libXxf86vm.so.1.0.0
798b27fe2000-798b27fe3000 r--p 00004000 103:02 8943474                   /usr/lib/x86_64-linux-gnu/libXxf86vm.so.1.0.0
798b27fe3000-798b27fe4000 rw-p 00005000 103:02 8943474                   /usr/lib/x86_64-linux-gnu/libXxf86vm.so.1.0.0
798b27fe4000-798b27fef000 r--p 00000000 103:02 8944295                   /usr/lib/x86_64-linux-gnu/libxcb-glx.so.0.0.0
798b27fef000-798b27ff8000 r-xp 0000b000 103:02 8944295                   /usr/lib/x86_64-linux-gnu/libxcb-glx.so.0.0.0
798b27ff8000-798b27ffd000 r--p 00014000 103:02 8944295                   /usr/lib/x86_64-linux-gnu/libxcb-glx.so.0.0.0
798b27ffd000-798b27fff000 r--p 00019000 103:02 8944295                   /usr/lib/x86_64-linux-gnu/libxcb-glx.so.0.0.0
798b27fff000-798b28000000 rw-p 0001b000 103:02 8944295                   /usr/lib/x86_64-linux-gnu/libxcb-glx.so.0.0.0
798b28000000-798b2883b000 rw-p 00000000 00:00 0 
798b2883b000-798b2c000000 ---p 00000000 00:00 0 
798b2c000000-798b2c001000 rw-p 00000000 00:00 0 
798b2c001000-798b2c002000 r--p 00000000 103:02 8943450                   /usr/lib/x86_64-linux-gnu/libX11-xcb.so.1.0.0
798b2c002000-798b2c003000 r-xp 00001000 103:02 8943450                   /usr/lib/x86_64-linux-gnu/libX11-xcb.so.1.0.0
798b2c003000-798b2c004000 r--p 00002000 103:02 8943450                   /usr/lib/x86_64-linux-gnu/libX11-xcb.so.1.0.0
798b2c004000-798b2c005000 r--p 00002000 103:02 8943450                   /usr/lib/x86_64-linux-gnu/libX11-xcb.so.1.0.0
798b2c005000-798b2c006000 rw-p 00003000 103:02 8943450                   /usr/lib/x86_64-linux-gnu/libX11-xcb.so.1.0.0
798b2c006000-798b2c00b000 r--p 00000000 103:02 8943698                   /usr/lib/x86_64-linux-gnu/libdrm.so.2.131.0
798b2c00b000-798b2c017000 r-xp 00005000 103:02 8943698                   /usr/lib/x86_64-linux-gnu/libdrm.so.2.131.0
798b2c017000-798b2c01b000 r--p 00011000 103:02 8943698                   /usr/lib/x86_64-linux-gnu/libdrm.so.2.131.0
798b2c01b000-798b2c01c000 r--p 00015000 103:02 8943698                   /usr/lib/x86_64-linux-gnu/libdrm.so.2.131.0
798b2c01c000-798b2c01d000 rw-p 00016000 103:02 8943698                   /usr/lib/x86_64-linux-gnu/libdrm.so.2.131.0
798b2c01d000-798b2c01f000 r--p 00000000 103:02 8943458                   /usr/lib/x86_64-linux-gnu/libXdmcp.so.6.0.0
798b2c01f000-798b2c021000 r-xp 00002000 103:02 8943458                   /usr/lib/x86_64-linux-gnu/libXdmcp.so.6.0.0
798b2c021000-798b2c023000 r--p 00004000 103:02 8943458                   /usr/lib/x86_64-linux-gnu/libXdmcp.so.6.0.0
798b2c023000-798b2c024000 r--p 00005000 103:02 8943458                   /usr/lib/x86_64-linux-gnu/libXdmcp.so.6.0.0
798b2c024000-798b2c025000 rw-p 00006000 103:02 8943458                   /usr/lib/x86_64-linux-gnu/libXdmcp.so.6.0.0
798b2c025000-798b2c031000 r--p 00000000 103:02 8944305                   /usr/lib/x86_64-linux-gnu/libxcb.so.1.1.0
798b2c031000-798b2c045000 r-xp 0000c000 103:02 8944305                   /usr/lib/x86_64-linux-gnu/libxcb.so.1.1.0
798b2c045000-798b2c04e000 r--p 00020000 103:02 8944305                   /usr/lib/x86_64-linux-gnu/libxcb.so.1.1.0
798b2c04e000-798b2c04f000 r--p 00028000 103:02 8944305                   /usr/lib/x86_64-linux-gnu/libxcb.so.1.1.0
798b2c04f000-798b2c050000 rw-p 00029000 103:02 8944305                   /usr/lib/x86_64-linux-gnu/libxcb.so.1.1.0
798b2c050000-798b2c051000 r--s 00000000 00:3d 283                        /run/user/1000/dconf/user
798b2c051000-798b2c052000 r--s 00000000 103:02 14156235                  /var/cache/fontconfig/3f7329c5293ffd510edef78f73874cfd-le64.cache-9
798b2c052000-798b2c053000 r--p 00000000 103:02 9200359                   /usr/share/locale-langpack/en/LC_MESSAGES/gtk30.mo
798b2c053000-798b2c055000 r--p 00000000 103:02 8943792                   /usr/lib/x86_64-linux-gnu/libgmodule-2.0.so.0.8800.0
798b2c055000-798b2c057000 r-xp 00002000 103:02 8943792                   /usr/lib/x86_64-linux-gnu/libgmodule-2.0.so.0.8800.0
798b2c057000-798b2c058000 r--p 00004000 103:02 8943792                   /usr/lib/x86_64-linux-gnu/libgmodule-2.0.so.0.8800.0
798b2c058000-798b2c059000 r--p 00004000 103:02 8943792                   /usr/lib/x86_64-linux-gnu/libgmodule-2.0.so.0.8800.0
798b2c059000-798b2c05a000 rw-p 00005000 103:02 8943792                   /usr/lib/x86_64-linux-gnu/libgmodule-2.0.so.0.8800.0
798b2c05a000-798b2c05b000 rw-s 100782000 00:11 2082                      anon_inode:i915.gem
798b2c05b000-798b2c062000 r--s 00000000 103:02 8945336                   /usr/lib/x86_64-linux-gnu/gconv/gconv-modules.cache
798b2c062000-798b2c0fe000 rw-p 00000000 00:00 0 
798b2c0fe000-798b2c401000 rw-p 00000000 00:00 0 
798b2c401000-798b2cd0a000 rw-p 00000000 00:00 0 
798b2cd0a000-798b2cdef000 ---p 00000000 00:00 0 
798b2cdef000-798b2ce05000 rw-p 00000000 00:00 0 
798b2ce05000-798b2ceda000 ---p 00000000 00:00 0 
798b2ceda000-798b2ceec000 r--p 00000000 103:02 8943951                   /usr/lib/x86_64-linux-gnu/libm.so.6
798b2ceec000-798b2cf8c000 r-xp 00012000 103:02 8943951                   /usr/lib/x86_64-linux-gnu/libm.so.6
798b2cf8c000-798b2cffe000 r--p 000b2000 103:02 8943951                   /usr/lib/x86_64-linux-gnu/libm.so.6
798b2cffe000-798b2cfff000 r--p 00123000 103:02 8943951                   /usr/lib/x86_64-linux-gnu/libm.so.6
798b2cfff000-798b2d000000 rw-p 00124000 103:02 8943951                   /usr/lib/x86_64-linux-gnu/libm.so.6
798b2d000000-798b2e41d000 r-xp 00000000 103:02 3942802                   /home/adam/.vscode/extensions/redhat.java-1.54.0-linux-x64/jre/21.0.10-linux-x86_64/lib/server/libjvm.so
798b2e41d000-798b2e4f2000 r--p 0141c000 103:02 3942802                   /home/adam/.vscode/extensions/redhat.java-1.54.0-linux-x64/jre/21.0.10-linux-x86_64/lib/server/libjvm.so
798b2e4f2000-798b2e522000 rw-p 014f1000 103:02 3942802                   /home/adam/.vscode/extensions/redhat.java-1.54.0-linux-x64/jre/21.0.10-linux-x86_64/lib/server/libjvm.so
798b2e522000-798b2e588000 rw-p 00000000 00:00 0 
798b2e588000-798b2e589000 rw-s 1212ba000 00:11 2082                      anon_inode:i915.gem
798b2e589000-798b2e58a000 rw-s 100c7c000 00:11 2082                      anon_inode:i915.gem
798b2e58a000-798b2e5a5000 r-xp 00000000 103:02 3942693                   /home/adam/.vscode/extensions/redhat.java-1.54.0-linux-x64/jre/21.0.10-linux-x86_64/lib/libzip.so
798b2e5a5000-798b2e5a6000 r--p 0001a000 103:02 3942693                   /home/adam/.vscode/extensions/redhat.java-1.54.0-linux-x64/jre/21.0.10-linux-x86_64/lib/libzip.so
798b2e5a6000-798b2e5a7000 rw-p 0001b000 103:02 3942693                   /home/adam/.vscode/extensions/redhat.java-1.54.0-linux-x64/jre/21.0.10-linux-x86_64/lib/libzip.so
798b2e5a7000-798b2e5bb000 r-xp 00000000 103:02 3942701                   /home/adam/.vscode/extensions/redhat.java-1.54.0-linux-x64/jre/21.0.10-linux-x86_64/lib/libnio.so
798b2e5bb000-798b2e5bc000 r--p 00013000 103:02 3942701                   /home/adam/.vscode/extensions/redhat.java-1.54.0-linux-x64/jre/21.0.10-linux-x86_64/lib/libnio.so
798b2e5bc000-798b2e5bd000 rw-p 00014000 103:02 3942701                   /home/adam/.vscode/extensions/redhat.java-1.54.0-linux-x64/jre/21.0.10-linux-x86_64/lib/libnio.so
798b2e5bd000-798b2e5de000 r-xp 00000000 103:02 3942716                   /home/adam/.vscode/extensions/redhat.java-1.54.0-linux-x64/jre/21.0.10-linux-x86_64/lib/libjava.so
798b2e5de000-798b2e5df000 r--p 00020000 103:02 3942716                   /home/adam/.vscode/extensions/redhat.java-1.54.0-linux-x64/jre/21.0.10-linux-x86_64/lib/libjava.so
798b2e5df000-798b2e5e0000 rw-p 00021000 103:02 3942716                   /home/adam/.vscode/extensions/redhat.java-1.54.0-linux-x64/jre/21.0.10-linux-x86_64/lib/libjava.so
798b2e5e0000-798b2e5e1000 rw-p 00000000 00:00 0 
798b2e5e1000-798b2e5fc000 r-xp 00000000 103:02 3942712                   /home/adam/.vscode/extensions/redhat.java-1.54.0-linux-x64/jre/21.0.10-linux-x86_64/lib/libjimage.so
798b2e5fc000-798b2e5fd000 ---p 0001b000 103:02 3942712                   /home/adam/.vscode/extensions/redhat.java-1.54.0-linux-x64/jre/21.0.10-linux-x86_64/lib/libjimage.so
798b2e5fd000-798b2e5ff000 r--p 0001b000 103:02 3942712                   /home/adam/.vscode/extensions/redhat.java-1.54.0-linux-x64/jre/21.0.10-linux-x86_64/lib/libjimage.so
798b2e5ff000-798b2e600000 rw-p 0001d000 103:02 3942712                   /home/adam/.vscode/extensions/redhat.java-1.54.0-linux-x64/jre/21.0.10-linux-x86_64/lib/libjimage.so
798b2e600000-798b2e628000 r--p 00000000 103:02 8943631                   /usr/lib/x86_64-linux-gnu/libc.so.6
798b2e628000-798b2e7c0000 r-xp 00028000 103:02 8943631                   /usr/lib/x86_64-linux-gnu/libc.so.6
798b2e7c0000-798b2e80e000 r--p 001c0000 103:02 8943631                   /usr/lib/x86_64-linux-gnu/libc.so.6
798b2e80e000-798b2e812000 r--p 0020d000 103:02 8943631                   /usr/lib/x86_64-linux-gnu/libc.so.6
798b2e812000-798b2e814000 rw-p 00211000 103:02 8943631                   /usr/lib/x86_64-linux-gnu/libc.so.6
798b2e814000-798b2e822000 rw-p 00000000 00:00 0 
798b2e822000-798b2e82e000 r-xp 00000000 103:02 3942702                   /home/adam/.vscode/extensions/redhat.java-1.54.0-linux-x64/jre/21.0.10-linux-x86_64/lib/libnet.so
798b2e82e000-798b2e82f000 r--p 0000b000 103:02 3942702                   /home/adam/.vscode/extensions/redhat.java-1.54.0-linux-x64/jre/21.0.10-linux-x86_64/lib/libnet.so
798b2e82f000-798b2e830000 rw-p 0000c000 103:02 3942702                   /home/adam/.vscode/extensions/redhat.java-1.54.0-linux-x64/jre/21.0.10-linux-x86_64/lib/libnet.so
798b2e830000-798b2e835000 rw-p 00000000 00:00 0 
798b2e835000-798b2e83c000 ---p 00000000 00:00 0 
798b2e83c000-798b2e840000 ---p 00000000 00:00 0 
798b2e840000-798b2e93c000 rw-p 00000000 00:00 0 
798b2e93c000-798b2e93d000 r--p 00000000 103:02 8944127                   /usr/lib/x86_64-linux-gnu/librt.so.1
798b2e93d000-798b2e93e000 r-xp 00001000 103:02 8944127                   /usr/lib/x86_64-linux-gnu/librt.so.1
798b2e93e000-798b2e93f000 r--p 00002000 103:02 8944127                   /usr/lib/x86_64-linux-gnu/librt.so.1
798b2e93f000-798b2e940000 r--p 00002000 103:02 8944127                   /usr/lib/x86_64-linux-gnu/librt.so.1
798b2e940000-798b2e941000 rw-p 00003000 103:02 8944127                   /usr/lib/x86_64-linux-gnu/librt.so.1
798b2e941000-798b2e943000 rw-p 00000000 00:00 0 
798b2e943000-798b2e944000 r--p 00000000 103:02 8943695                   /usr/lib/x86_64-linux-gnu/libdl.so.2
798b2e944000-798b2e945000 r-xp 00001000 103:02 8943695                   /usr/lib/x86_64-linux-gnu/libdl.so.2
798b2e945000-798b2e946000 r--p 00002000 103:02 8943695                   /usr/lib/x86_64-linux-gnu/libdl.so.2
798b2e946000-798b2e947000 r--p 00002000 103:02 8943695                   /usr/lib/x86_64-linux-gnu/libdl.so.2
798b2e947000-798b2e948000 rw-p 00003000 103:02 8943695                   /usr/lib/x86_64-linux-gnu/libdl.so.2
798b2e948000-798b2e949000 r--p 00000000 103:02 8944106                   /usr/lib/x86_64-linux-gnu/libpthread.so.0
798b2e949000-798b2e94a000 r-xp 00001000 103:02 8944106                   /usr/lib/x86_64-linux-gnu/libpthread.so.0
798b2e94a000-798b2e94b000 r--p 00002000 103:02 8944106                   /usr/lib/x86_64-linux-gnu/libpthread.so.0
798b2e94b000-798b2e94c000 r--p 00002000 103:02 8944106                   /usr/lib/x86_64-linux-gnu/libpthread.so.0
798b2e94c000-798b2e94d000 rw-p 00003000 103:02 8944106                   /usr/lib/x86_64-linux-gnu/libpthread.so.0
798b2e94d000-798b2e94e000 rw-p 00000000 00:00 0 
798b2e94e000-798b2e94f000 r--p 00000000 103:02 8943453                   /usr/lib/x86_64-linux-gnu/libXau.so.6.0.0
798b2e94f000-798b2e951000 r-xp 00001000 103:02 8943453                   /usr/lib/x86_64-linux-gnu/libXau.so.6.0.0
798b2e951000-798b2e952000 r--p 00003000 103:02 8943453                   /usr/lib/x86_64-linux-gnu/libXau.so.6.0.0
798b2e952000-798b2e953000 r--p 00003000 103:02 8943453                   /usr/lib/x86_64-linux-gnu/libXau.so.6.0.0
798b2e953000-798b2e954000 rw-p 00004000 103:02 8943453                   /usr/lib/x86_64-linux-gnu/libXau.so.6.0.0
798b2e954000-798b2e95c000 rw-s 00000000 00:2e 816                        /tmp/hsperfdata_adam/36789
798b2e95c000-798b2e95d000 ---p 00000000 00:00 0 
798b2e95d000-798b2e95e000 r--p 00000000 00:00 0 
798b2e95e000-798b2e95f000 ---p 00000000 00:00 0 
798b2e95f000-798b2e978000 r-xp 00000000 103:02 3942711                   /home/adam/.vscode/extensions/redhat.java-1.54.0-linux-x64/jre/21.0.10-linux-x86_64/lib/libjli.so
798b2e978000-798b2e979000 r--p 00018000 103:02 3942711                   /home/adam/.vscode/extensions/redhat.java-1.54.0-linux-x64/jre/21.0.10-linux-x86_64/lib/libjli.so
798b2e979000-798b2e97a000 rw-p 00019000 103:02 3942711                   /home/adam/.vscode/extensions/redhat.java-1.54.0-linux-x64/jre/21.0.10-linux-x86_64/lib/libjli.so
798b2e97a000-798b2e97c000 rw-p 00000000 00:00 0 
798b2e97c000-798b2e980000 r--p 00000000 00:00 0                          [vvar]
798b2e980000-798b2e982000 r--p 00000000 00:00 0                          [vvar_vclock]
798b2e982000-798b2e984000 r-xp 00000000 00:00 0                          [vdso]
798b2e984000-798b2e985000 r--p 00000000 103:02 8943322                   /usr/lib/x86_64-linux-gnu/ld-linux-x86-64.so.2
798b2e985000-798b2e9b4000 r-xp 00001000 103:02 8943322                   /usr/lib/x86_64-linux-gnu/ld-linux-x86-64.so.2
798b2e9b4000-798b2e9bf000 r--p 00030000 103:02 8943322                   /usr/lib/x86_64-linux-gnu/ld-linux-x86-64.so.2
798b2e9bf000-798b2e9c1000 r--p 0003b000 103:02 8943322                   /usr/lib/x86_64-linux-gnu/ld-linux-x86-64.so.2
798b2e9c1000-798b2e9c2000 rw-p 0003d000 103:02 8943322                   /usr/lib/x86_64-linux-gnu/ld-linux-x86-64.so.2
798b2e9c2000-798b2e9c3000 rw-p 00000000 00:00 0 
7ffda93a7000-7ffda93c9000 rw-p 00000000 00:00 0                          [stack]
ffffffffff600000-ffffffffff601000 --xp 00000000 00:00 0                  [vsyscall]
Total number of mappings: 1341

JVMTI agents: none


VM Arguments:
jvm_args: -XX:+ShowCodeDetailsInExceptionMessages --module-path=/home/adam/Desktop/HyOS-main/adam/target/classes:/home/adam/.m2/repository/org/openjfx/javafx-controls/13/javafx-controls-13-linux.jar:/home/adam/.m2/repository/org/openjfx/javafx-graphics/13/javafx-graphics-13-linux.jar:/home/adam/.m2/repository/org/openjfx/javafx-base/13/javafx-base-13-linux.jar:/home/adam/.m2/repository/org/openjfx/javafx-fxml/13/javafx-fxml-13-linux.jar:/home/adam/.m2/repository/org/openjfx/javafx-web/21/javafx-web-21-linux.jar:/home/adam/.m2/repository/org/openjfx/javafx-media/21/javafx-media-21-linux.jar -Djdk.module.main=com.adam 
java_command: com.adam/com.adam.HyOS
java_class_path (initial): /home/adam/.m2/repository/org/openjfx/javafx-controls/13/javafx-controls-13.jar:/home/adam/.m2/repository/org/openjfx/javafx-graphics/13/javafx-graphics-13.jar:/home/adam/.m2/repository/org/openjfx/javafx-base/13/javafx-base-13.jar:/home/adam/.m2/repository/org/openjfx/javafx-fxml/13/javafx-fxml-13.jar:/home/adam/.m2/repository/org/openjfx/javafx-web/21/javafx-web-21.jar:/home/adam/.m2/repository/org/openjfx/javafx-media/21/javafx-media-21.jar
Launcher Type: SUN_STANDARD

[Global flags]
     intx CICompilerCount                          = 4                                         {product} {ergonomic}
     uint ConcGCThreads                            = 2                                         {product} {ergonomic}
     uint G1ConcRefinementThreads                  = 8                                         {product} {ergonomic}
   size_t G1HeapRegionSize                         = 4194304                                   {product} {ergonomic}
    uintx GCDrainStackTargetSize                   = 64                                        {product} {ergonomic}
   size_t InitialHeapSize                          = 515899392                                 {product} {ergonomic}
   size_t MarkStackSize                            = 4194304                                   {product} {ergonomic}
   size_t MaxHeapSize                              = 8233418752                                {product} {ergonomic}
   size_t MaxNewSize                               = 4936695808                                {product} {ergonomic}
   size_t MinHeapDeltaBytes                        = 4194304                                   {product} {ergonomic}
   size_t MinHeapSize                              = 8388608                                   {product} {ergonomic}
    uintx NonNMethodCodeHeapSize                   = 5839372                                {pd product} {ergonomic}
    uintx NonProfiledCodeHeapSize                  = 122909434                              {pd product} {ergonomic}
    uintx ProfiledCodeHeapSize                     = 122909434                              {pd product} {ergonomic}
    uintx ReservedCodeCacheSize                    = 251658240                              {pd product} {ergonomic}
     bool SegmentedCodeCache                       = true                                      {product} {ergonomic}
     bool ShowCodeDetailsInExceptionMessages       = true                                   {manageable} {command line}
   size_t SoftMaxHeapSize                          = 8233418752                             {manageable} {ergonomic}
     bool UseCompressedOops                        = true                           {product lp64_product} {ergonomic}
     bool UseG1GC                                  = true                                      {product} {ergonomic}

Logging:
Log output configuration:
 #0: stdout all=warning uptime,level,tags foldmultilines=false
 #1: stderr all=off uptime,level,tags foldmultilines=false

Release file:
JAVA_VERSION="21.0.10"
MODULES="java.base java.compiler java.datatransfer java.xml java.prefs java.desktop java.instrument java.logging java.management java.security.sasl java.naming java.rmi java.management.rmi java.net.http java.scripting java.security.jgss java.transaction.xa java.sql java.sql.rowset java.xml.crypto java.se java.smartcardio jdk.accessibility jdk.internal.jvmstat jdk.attach jdk.charsets jdk.internal.opt jdk.zipfs jdk.compiler jdk.crypto.ec jdk.crypto.cryptoki jdk.dynalink jdk.internal.ed jdk.editpad jdk.hotspot.agent jdk.httpserver jdk.internal.le jdk.internal.vm.ci jdk.internal.vm.compiler jdk.internal.vm.compiler.management jdk.jartool jdk.javadoc jdk.jcmd jdk.management jdk.management.agent jdk.jconsole jdk.jdeps jdk.jdwp.agent jdk.jdi jdk.jfr jdk.jshell jdk.jsobject jdk.jstatd jdk.localedata jdk.management.jfr jdk.naming.dns jdk.naming.rmi jdk.net jdk.nio.mapmode jdk.random jdk.sctp jdk.security.auth jdk.security.jgss jdk.unsupported jdk.unsupported.desktop jdk.xml.dom"

Environment Variables:
PATH=/home/adam/.config/Code/User/globalStorage/github.copilot-chat/debugCommand:/home/adam/.config/Code/User/globalStorage/github.copilot-chat/copilotCli:/usr/local/sbin:/usr/local/bin:/usr/sbin:/usr/bin:/sbin:/bin:/usr/games:/usr/local/games:/snap/bin:/snap/bin:/home/adam/.vscode/extensions/vscjava.vscode-java-debug-0.59.0/bundled/scripts/noConfigScripts
USERNAME=adam
SHELL=/bin/bash
DISPLAY=:0
WAYLAND_DISPLAY=wayland-0
LANG=en_US.UTF-8
TERM=xterm-256color

Active Locale:
LC_ALL=en_US.UTF-8
LC_COLLATE=en_US.UTF-8
LC_CTYPE=en_US.UTF-8
LC_MESSAGES=en_US.UTF-8
LC_MONETARY=en_US.UTF-8
LC_NUMERIC=en_US.UTF-8
LC_TIME=en_US.UTF-8

Signal Handlers:
   SIGSEGV: crash_handler in libjvm.so, mask=11100100010111111101111111111110, flags=SA_RESTART|SA_SIGINFO, unblocked
    SIGBUS: crash_handler in libjvm.so, mask=11100100010111111101111111111110, flags=SA_RESTART|SA_SIGINFO, unblocked
    SIGFPE: crash_handler in libjvm.so, mask=11100100010111111101111111111110, flags=SA_RESTART|SA_SIGINFO, unblocked
   SIGPIPE: SIG_IGN, mask=00000000000010000000000000000000, flags=SA_RESTART, blocked
  *** Handler was modified!
  *** Expected: javaSignalHandler in libjvm.so, mask=11100100110111111111111111111110, flags=SA_RESTART|SA_SIGINFO
   SIGXFSZ: javaSignalHandler in libjvm.so, mask=11100100010111111101111111111110, flags=SA_RESTART|SA_SIGINFO, blocked
    SIGILL: crash_handler in libjvm.so, mask=11100100010111111101111111111110, flags=SA_RESTART|SA_SIGINFO, unblocked
   SIGUSR2: SR_handler in libjvm.so, mask=00000000000000000000000000000000, flags=SA_RESTART|SA_SIGINFO, blocked
    SIGHUP: UserHandler in libjvm.so, mask=11100100010111111101111111111110, flags=SA_RESTART|SA_SIGINFO, blocked
    SIGINT: UserHandler in libjvm.so, mask=11100100010111111101111111111110, flags=SA_RESTART|SA_SIGINFO, blocked
   SIGTERM: UserHandler in libjvm.so, mask=11100100010111111101111111111110, flags=SA_RESTART|SA_SIGINFO, blocked
   SIGQUIT: UserHandler in libjvm.so, mask=11100100010111111101111111111110, flags=SA_RESTART|SA_SIGINFO, blocked
   SIGTRAP: crash_handler in libjvm.so, mask=11100100010111111101111111111110, flags=SA_RESTART|SA_SIGINFO, unblocked


Periodic native trim disabled

---------------  S Y S T E M  ---------------

OS:
DISTRIB_ID=Ubuntu
DISTRIB_RELEASE=26.04
DISTRIB_CODENAME=resolute
DISTRIB_DESCRIPTION="Ubuntu 26.04 LTS"
uname: Linux 7.0.0-15-generic #15-Ubuntu SMP PREEMPT_DYNAMIC Wed Apr 22 16:06:43 UTC 2026 x86_64
OS uptime: 2 days 1:30 hours
libc: glibc 2.43 NPTL 2.43 
rlimit (soft/hard): STACK 8192k/infinity , CORE 0k/infinity , NPROC 125383/125383 , NOFILE 524288/524288 , AS infinity/infinity , CPU infinity/infinity , DATA infinity/infinity , FSIZE infinity/infinity , MEMLOCK 8192k/8192k
load average: 1.35 0.79 0.52

/proc/meminfo:
MemTotal:       32146260 kB
MemFree:        21275336 kB
MemAvailable:   27028296 kB
Buffers:           27156 kB
Cached:          6736680 kB
SwapCached:            0 kB
Active:          4716676 kB
Inactive:        4548240 kB
Active(anon):    3235240 kB
Inactive(anon):        0 kB
Active(file):    1481436 kB
Inactive(file):  4548240 kB
Unevictable:      910584 kB
Mlocked:             304 kB
SwapTotal:       8388604 kB
SwapFree:        8388604 kB
Zswap:                 0 kB
Zswapped:              0 kB
Dirty:               996 kB
Writeback:             0 kB
AnonPages:       3412280 kB
Mapped:          1067892 kB
Shmem:           1113092 kB
KReclaimable:     180684 kB
Slab:             407132 kB
SReclaimable:     180684 kB
SUnreclaim:       226448 kB
KernelStack:       22064 kB
PageTables:        54412 kB
SecPageTables:      5256 kB
NFS_Unstable:          0 kB
Bounce:                0 kB
WritebackTmp:          0 kB
CommitLimit:    24461732 kB
Committed_AS:   16503252 kB
VmallocTotal:   34359738367 kB
VmallocUsed:       66320 kB
VmallocChunk:          0 kB
Percpu:            10048 kB
HardwareCorrupted:     0 kB
AnonHugePages:         0 kB
ShmemHugePages:   870400 kB
ShmemPmdMapped:        0 kB
FileHugePages:      2048 kB
FilePmdMapped:         0 kB
CmaTotal:              0 kB
CmaFree:               0 kB
Unaccepted:            0 kB
Balloon:               0 kB
HugePages_Total:       0
HugePages_Free:        0
HugePages_Rsvd:        0
HugePages_Surp:        0
Hugepagesize:       2048 kB
Hugetlb:               0 kB
DirectMap4k:      242268 kB
DirectMap2M:     4810752 kB
DirectMap1G:    28311552 kB

/sys/kernel/mm/transparent_hugepage/enabled: always [madvise] never
/sys/kernel/mm/transparent_hugepage/hpage_pmd_size: 2097152
/sys/kernel/mm/transparent_hugepage/defrag (defrag/compaction efforts parameter): always defer defer+madvise [madvise] never

Process Memory:
Virtual Size: 120763988K (peak: 147314980K)
Resident Set Size: 861140K (peak: 862404K) (anon: 627912K, file: 170896K, shmem: 62332K)
Swapped out: 0K
C-Heap outstanding allocations: 68237K, retained: 93146K
glibc malloc tunables: (default)

/proc/sys/kernel/threads-max (system-wide limit on the number of threads): 250767
/proc/sys/vm/max_map_count (maximum number of memory map areas a process may have): 1048576
/proc/sys/vm/swappiness (control to define how aggressively the kernel swaps out anonymous memory): 60
/proc/sys/kernel/pid_max (system-wide limit on number of process identifiers): 4194304

container information not found.
Steal ticks since vm start: 0
Steal ticks percentage since vm start:  0.000

CPU: total 8 (initial active 8) (4 cores per cpu, 2 threads per core) family 6 model 142 stepping 12 microcode 0x100, cx8, cmov, fxsr, ht, mmx, 3dnowpref, sse, sse2, sse3, ssse3, sse4.1, sse4.2, popcnt, lzcnt, tsc, tscinvbit, avx, avx2, aes, erms, clmul, bmi1, bmi2, rtm, adx, fma, vzeroupper, clflush, clflushopt, rdtscp, f16c
CPU Model and flags from /proc/cpuinfo:
model name	: Intel(R) Core(TM) i7-8665U CPU @ 1.90GHz
flags		: fpu vme de pse tsc msr pae mce cx8 apic sep mtrr pge mca cmov pat pse36 clflush dts acpi mmx fxsr sse sse2 ss ht tm pbe syscall nx pdpe1gb rdtscp lm constant_tsc art arch_perfmon pebs bts rep_good nopl xtopology nonstop_tsc cpuid aperfmperf pni pclmulqdq dtes64 monitor ds_cpl vmx smx est tm2 ssse3 sdbg fma cx16 xtpr pdcm pcid sse4_1 sse4_2 x2apic movbe popcnt tsc_deadline_timer aes xsave avx f16c rdrand lahf_lm abm 3dnowprefetch cpuid_fault epb ssbd ibrs ibpb stibp ibrs_enhanced tpr_shadow flexpriority ept vpid ept_ad fsgsbase tsc_adjust bmi1 avx2 smep bmi2 erms invpcid mpx rdseed adx smap clflushopt intel_pt xsaveopt xsavec xgetbv1 xsaves dtherm ida arat pln pts hwp hwp_notify hwp_act_window hwp_epp vnmi md_clear flush_l1d arch_capabilities

Online cpus: 0-7
Offline cpus: 
BIOS frequency limitation: <Not Available>
Frequency switch latency (ns): 0
Available cpu frequencies: <Not Available>
Current governor: powersave
Core performance/turbo boost: <Not Available>

Memory: 4k page, physical 32146260k(27028296k free), swap 8388604k(8388604k free)
Page Sizes: 4k

vm_info: OpenJDK 64-Bit Server VM (21.0.10+7-LTS) for linux-amd64 JRE (21.0.10+7-LTS), built on 2026-01-20T00:00:00Z by "admin" with gcc 11.3.0

END.
